-1,32,21,1,22.99696049,0,3,0,0,0,2,15.43076923,0,11,10,15.50791367,95.78351845,-0.386601108,91.39526111,1.548387097,-10
-1,32,8,0,22.5177665,0,2,26,5,0,0,16.47058824,26,27,27,15.63724305,64.5832389,2.09221425,83.36296604,1.1875,-1
-1,32,19,0,19.19918699,0,1,10,7,0,8,15.70075758,2,18,18,15.21804511,39.58509172,1.377395557,114.5351631,2,-1
-1,19,5,0,20.31168831,14,4,22,4,0,3,22.00943396,0,7,7,15.13595166,74.87180657,4.982274715,73.11444766,0.735849057,-1
-1,32,12,4,24.77742947,1,3,8,1,0,8,17.42750929,0,19,20,14.92765957,83.39545496,-6.597066546,98.59476686,5.947368421,-3
-1,14,8,0,16.825054,22,4,32,16,6,13,21.16818182,22,4,5,12.79591837,49.3224698,-33.26218242,45.79508538,0.863013699,6
-1,31,12,7,22.35140562,4,6,13,1,15,3,6.441176471,13,6,8,17.39543726,83.52267996,2.032413364,66.35313507,1.303571429,-25
-1,29,7,0,23.18778281,4,2,9,2,11,7,17.3034188,9,18,16,15.32989691,73.39263825,-4.933379389,80.00800652,1.117647059,-2
-1,29,14,5,22.15820313,4,6,32,2,24,4,6,11,6,7,17.70507813,84.03704834,3.281143188,67.35638046,1.252173913,-20
-1,32,21,0,19.66153846,0,1,8,6,1,6,16.06632653,3,21,21,15.17665615,44.18964265,0.001109574,106.1075939,2.3125,-2
-1,28,10,4,21.22613065,9,3,3,1,11,10,11.36206897,3,9,11,18.59250585,81.33228395,7.384420471,94.84565812,0.836363636,-4
-1,25,12,0,19.99536321,6,2,14,3,14,5,14.62032086,12,16,14,15.72148541,96.35217303,1.774331769,93.39457816,1.060606061,-1
-1,27,7,0,20.75543478,4,2,24,7,20,7,11.80252101,12,14,21,17.41949153,44.53768673,11.1275316,71.49775567,1.45,-1
-1,19,8,1,19.46556474,12,5,29,8,29,7,14.51502146,15,14,14,16.18120805,49.42994685,0.290572497,103.826224,0.286764706,1
-1,31,8,0,22.54453441,4,3,21,6,3,0,3,11,10,11,14.30188679,85.66258811,-0.893734425,81.43716625,1.793103448,-3
-1,32,8,1,19.52244165,1,2,20,10,22,3,14.525,20,13,24,15.78158458,57.57935522,-3.098913746,66.25636323,1.470588235,-2
-1,22,3,3,23.77894737,9,2,32,12,0,11,11.68245125,0,13,13,17.27504554,73.3379584,-2.516205985,63.83873975,2.333333333,-1
-1,25,10,0,20.07088989,11,2,15,3,17,8,8.80620155,15,12,18,17.27146814,101.383599,14.30674258,57.82104189,1.625,-1
-1,32,4,0,21.9403794,1,2,8,1,24,9,11.09271523,5,25,23,17.33740458,58.98214323,22.21916905,89.21287571,1.181818182,-1
-1,25,13,0,24.84718499,6,2,11,3,18,3,11.49206349,3,12,30,16.02150538,72.9416259,4.124390929,109.2069108,1.105263158,0
-1,31,10,0,18.20677362,0,1,21,8,30,8,15.07885305,21,18,17,16.83153348,28.99930494,-0.338355826,93.98025834,2.473684211,-1
-1,29,3,1,24.65110565,6,1,6,0,5,6,10.71559633,0,13,14,17.55591572,92.79378705,-2.866565622,47.98107116,0.816666667,-1
-1,16,3,0,19.64158687,15,2,25,9,29,7,10.25925926,15,13,9,18.18430034,54.41267807,6.037810574,69.67934396,1.028571429,-2
-1,32,21,0,18.43231441,0,1,21,7,30,6,14.98571429,17,20,18,15.55477032,34.77947034,3.620715704,85.67102848,2.4375,-1
-1,23,8,0,20.88961039,9,6,22,5,25,4,11.80392157,16,6,9,17.82598039,75.87137159,-2.81510717,67.81040345,0.491803279,0
-1,21,5,1,21.79166667,11,2,22,7,5,7,19.58333333,7,11,17,16.5,84.27300085,-15.54363208,121.4150943,1.6875,-1
-1,32,19,0,17.21875,0,2,26,16,2,0,14.53571429,26,16,14,14.66294643,36.11320153,15.78830517,87.29487703,2.777777778,-1
-1,26,9,0,19.70996979,7,2,16,3,11,3,13.45833333,16,14,13,15.51104972,118.3272794,-0.549632185,74.16700498,1.386363636,-2
-1,18,5,0,20.05586592,16,3,32,5,2,7,20.33333333,0,18,18,16.54545455,73.2239311,1.274793388,63.28689492,0.720930233,1
-1,26,16,6,19.59782609,20,2,32,14,5,11,13.42424242,0,4,4,17.34722222,72.62489149,6.399450231,108.5669367,0.825396825,-1
-1,32,22,0,20.83467742,10,3,6,4,1,3,15.42342342,1,11,16,15.72348485,73.22881873,-1.22663424,112.184903,1.12,-1
-1,28,6,0,20.9916388,7,4,8,4,0,5,19.62275449,0,12,14,13.95070423,62.876193,4.820736626,70.49287509,0.703703704,-2
-1,23,6,0,21.2893401,9,2,20,9,25,6,14.46046512,11,15,25,16.29561201,55.45498669,0.702473212,115.3029138,1.5625,-1
-1,24,4,0,20.96116505,9,2,15,6,1,7,20.70682731,1,20,17,12.36453202,57.24999393,-0.358708049,76.48780606,1,-1
-1,21,10,0,21.01277955,10,4,11,3,6,8,15.86988848,9,17,22,18.14070352,65.79816798,-9.387528093,64.60834322,0.849056604,0
-1,23,8,0,20.29420505,12,2,11,2,18,9,12.80602007,11,13,15,16.66381766,102.4373016,7.130502187,114.6391182,1.066666667,-1
-1,32,21,0,19.31343284,0,2,9,7,2,9,16.77333333,9,15,18,15.29098361,38.49306302,-11.92097218,115.0300826,2,-1
-1,28,14,7,22.24950884,4,6,11,1,24,3,6.496062992,11,6,7,17.64466019,82.71650108,2.986494486,67.33198605,1.245614035,-22
-1,30,5,1,24.21367521,2,2,13,3,10,5,16.80110497,13,20,20,15.05497771,66.04207282,-1.896255263,68.46800271,1.105263158,-2
-1,17,5,0,21.27416799,14,2,14,6,0,6,22.1255814,2,17,18,13.65394402,65.67850876,-4.532551198,68.09907478,1.8125,-1
-1,27,8,0,21.02181208,7,2,17,7,1,8,20.55,3,12,21,11.10514019,55.79351908,-3.804895624,89.33240349,1.647058824,-1
-1,29,9,0,24.0802005,3,2,11,3,9,3,16.3627451,11,21,20,15.2096,82.45592064,0.26164224,77.21206784,1.05,-2
-1,32,12,0,20.12407407,6,2,5,3,28,8,7.819148936,1,13,13,18.6446281,72.97185985,22.92572229,81.57205792,1.3,-2
-1,32,11,0,21.0591716,9,2,6,3,9,9,20.94557823,1,17,17,13.49129594,63.07793437,-20.46827217,91.57294165,1.142857143,-3
-1,29,14,8,21.88747731,9,6,12,2,15,3,6.214953271,6,6,9,17.37209302,84.98363645,3.975465854,69.6374453,1.276785714,-27
-1,27,10,0,21.90494297,4,2,21,6,10,3,15.69565217,10,15,15,14.69477912,85.98947194,11.61986097,67.90282415,1.444444444,-2
-1,29,17,1,21.11376147,6,5,32,3,18,3,9.53125,4,13,9,17.00835073,83.92657807,1.523851448,71.34439791,0.560606061,-1
-1,32,18,0,18.73360656,0,1,12,7,30,7,15.41732283,11,18,20,15.32276119,34.32936066,4.74433337,105.0432133,3.307692308,-1
-1,32,28,0,19.98760331,0,2,2,1,29,10,10.10619469,2,24,22,18.32222222,63.57311385,22.94218107,77.28876543,1.384615385,-2
-1,31,6,0,21.93787575,4,2,16,3,6,9,16.57,16,22,18,15.91809524,72.8765678,-6.584029025,91.46948209,1.238095238,-2
-1,26,11,1,23.86519608,7,2,17,7,6,5,21.73033708,17,15,30,16.23863636,65.22376244,-31.76154811,81.9836371,0.617021277,-2
-1,32,16,0,19.22202166,4,1,2,0,15,9,5.813148789,2,14,14,17.67234043,120.299072,27.39791761,64.30540516,1.666666667,-1
-1,32,13,0,25.12883436,0,4,1,0,0,1,17.27272727,0,26,20,15.67944251,85.02328951,-1.208626223,89.9204717,1.462962963,-12
-1,26,8,0,21.62283737,7,4,8,4,0,4,21.02836879,0,12,14,13.41479821,68.94272959,1.190452251,73.49386173,0.64516129,-2
-1,30,19,0,19.45286195,2,2,23,7,8,2,14.01492537,16,13,13,15.50465116,81.71087074,-6.170470525,70.20346674,1.285714286,-1
-1,32,26,0,20.66514806,1,3,9,1,27,1,14.76271186,9,13,17,16.22905983,83.59674483,-1.865258237,85.67744612,0.416666667,-2
-1,23,7,1,21.29690049,10,2,22,11,7,6,19.05699482,12,13,26,16.45012165,66.69218155,-17.82212987,120.3545681,1.615384615,-1
-1,32,23,0,19.65637066,1,2,3,1,28,8,7.524822695,2,13,14,17.92885375,83.88708229,22.28889687,74.63130185,1.388888889,-1
-1,28,9,0,20.58608696,3,2,13,3,12,3,15.71794872,12,15,16,15.02672606,96.76660334,1.341025094,73.09505409,1.282608696,-2
-1,17,3,0,19.82729805,14,2,16,8,30,7,10.34677419,16,13,11,18.78431373,55.79777009,3.467896963,71.24759708,1.028571429,-2
-1,32,11,0,20.86862745,10,2,22,8,28,3,13.85294118,22,14,15,17.70038911,72.67898076,-14.60510379,77.24097261,1.551724138,-2
-1,29,15,5,21.90751445,4,6,32,1,24,3,5.74015748,11,6,7,17.39009901,83.92782668,4.899747084,69.94089207,1.292035398,-20
-1,31,17,0,19.35412844,0,1,12,2,27,14,13.94922737,8,21,18,16.76617954,42.26351001,14.67395104,78.02048457,2.5,-1
-1,23,4,0,19.99683544,8,2,25,4,2,5,22.72777778,10,17,16,15.7244898,105.3278842,-32.06221366,63.07205331,1.181818182,0
-1,25,4,0,20.41615854,9,2,22,3,2,13,16.06306306,22,17,16,15.88858696,85.43947897,-2.233385515,106.5337828,1.25,-1
-1,29,8,0,20.53363229,2,1,32,6,29,10,12.65088757,8,20,21,17.41176471,42.98884412,4.930490535,93.29411765,3.181818182,0
-1,25,16,0,22.78781513,6,2,14,4,8,6,19.06392694,14,16,19,12.91605839,62.84904297,-10.64256886,56.63893921,0.80952381,-2
-1,30,4,4,21.61196911,3,2,20,9,0,4,14.375,2,13,21,16.2826087,61.04370089,-0.684696683,89.74029043,2.864864865,-8
-1,23,9,0,22.12410072,8,2,23,5,1,6,11.63589744,23,16,18,16.92521368,87.94635748,-0.843492037,73.8341506,1.652173913,-2
-1,29,15,6,21.19090909,3,6,32,3,15,4,7.606060606,7,6,6,17.60759494,80.76925439,-1.490973669,71.12449928,1.3125,-23
-1,32,25,0,19.18021201,4,2,8,6,28,4,11.91390728,8,14,12,17.13537118,56.48094525,-2.432409756,93.04281002,0.703703704,0
-1,32,4,0,25.60240964,0,3,13,4,1,2,10.0375,10,27,22,15.86193548,69.54724828,6.209774818,80.44932529,1.541666667,-4
-1,32,17,3,22.65186916,5,4,12,3,5,6,13.75384615,12,15,16,16.09563758,67.90539559,-2.563316405,66.49588701,1.1875,-4
-1,19,7,2,23.21606119,13,3,32,12,0,14,19.90021231,5,13,14,11.20558882,80.13607117,-10.68958689,105.4247991,0.555555556,-1
-1,31,23,1,20.40319716,8,6,15,3,4,1,9.441176471,3,8,8,17.71149675,82.82770173,-3.781635697,104.127178,0.338028169,-3
-1,32,10,1,23.56666667,1,1,3,1,17,7,22.08695652,3,21,29,13.53453039,67.48127919,-21.86535248,71.27366953,0.541666667,-1
-1,24,11,0,20.33702532,7,2,15,3,14,6,14.1952381,13,14,14,15.94132653,96.8848852,2.311907799,91.93788395,1.060606061,-1
-1,29,11,0,21.49139579,3,2,11,3,20,6,12.47706422,10,16,15,16.81836327,81.17516663,10.1457046,67.84924363,1.421052632,-1
-1,28,10,0,22.65983607,5,2,10,2,13,3,15.32520325,10,17,18,15.90671642,91.50854519,-1.206344676,84.10696982,1.055555556,-2
-1,32,20,0,19.97619048,9,2,4,3,19,9,8.762376238,3,14,13,17.79357798,76.59837135,21.82922313,71.98032573,1.304347826,-2
-1,25,8,0,22.023766,7,2,18,5,12,5,18.58333333,6,15,21,14.39412998,74.65483521,6.71076654,78.0039907,1.571428571,-2
-1,31,17,0,19.91139241,0,2,14,1,27,4,11.43884892,14,15,15,15.61636364,86.08940165,11.29793719,91.1964595,1.055555556,-2
-1,31,16,0,19.90673575,0,2,10,2,3,13,19.40186916,2,13,17,12.59101124,63.20967555,-31.61037243,95.62598662,1.266666667,-2
-1,29,7,0,22.29652352,3,2,10,2,13,4,16.85384615,7,18,18,15.14018692,90.59850118,-1.141794043,86.31866539,1.055555556,-2
-1,30,10,1,25.0070922,1,3,12,3,1,3,15.8173913,0,30,30,15.03504043,67.45371655,-2.005608794,94.56750532,0.857142857,-5
-1,27,6,0,20.14930016,8,2,24,13,19,5,16.96571429,11,13,14,14.60104987,55.77932089,-3.060305454,92.66498577,1.785714286,-1
-1,31,10,0,21.51687389,7,3,29,10,7,0,7.6,25,12,13,14.78741866,95.44509954,0.74784139,52.64027555,2.058823529,-6
-1,26,9,0,20.64943457,7,2,12,2,16,10,13.69817073,12,15,14,16.28888889,80.36734644,7.440768176,92.09185185,1.142857143,-1
-1,18,4,0,21.3456,14,2,24,7,21,9,12.7766323,11,14,12,15.40100251,75.99409551,11.39566334,95.37303158,1.75,-1
-1,32,7,0,22.56812933,2,1,23,11,3,0,17.95454545,0,23,17,13.20304569,80.70571832,16.76767416,106.6119027,1.230769231,-1
-1,32,23,0,19.28952381,2,3,3,2,13,3,23.32142857,3,9,10,13.498998,93.10300762,-1.943229144,85.60871643,0.636363636,-1
-1,32,16,0,17.27865169,0,1,7,5,30,8,14.6459854,0,21,18,15.30397237,31.25265108,10.67149901,91.07513103,3.75,0
-1,24,6,0,20.94398682,8,3,13,4,12,11,15.96083551,13,13,19,16.66426859,63.09522742,-17.61464497,51.21582159,0.875,-1
-1,32,15,0,19.79495798,13,2,4,2,7,11,20.55277778,0,13,13,13.16550117,80.57167696,-24.11345841,78.26398466,1.428571429,-2
-1,31,6,0,22.0059761,2,2,15,3,5,9,17.1010101,10,21,17,14.75287356,74.80489497,-10.14978861,89.20521205,1.238095238,-1
-1,29,10,0,21.91321499,4,2,15,2,21,6,12.61971831,15,15,15,16.30174081,77.14889127,9.155677937,72.32287898,1.421052632,-2
-1,24,6,0,22.26459144,7,3,10,4,12,4,11.20714286,8,20,28,15.61960784,64.95269512,10.90331411,74.18471357,1.777777778,-1
-1,30,4,0,21.71936759,3,2,22,9,17,4,15.97761194,13,22,15,15.42471042,58.22917443,-9.899882232,92.14780638,1.5,-1
-1,32,14,0,22.94722955,0,3,13,1,0,4,21.23021583,0,14,26,14.71317829,65.28867256,-14.79135869,90.66657052,0.775510204,-2
-1,29,11,0,23.25380711,2,2,17,4,21,6,13.22522523,5,17,17,15.60634921,64.73317208,8.197540942,89.14980096,1.368421053,-1
-1,26,6,0,20.70806452,7,2,12,3,17,6,14.61734694,12,15,15,16.48019802,95.417214,0.095676894,92.32386531,1.020408163,-1
-1,31,10,0,22.08735632,0,3,8,4,0,3,17.18965517,0,16,17,14.5942275,72.61615757,-1.4804725,92.24791235,1.181818182,-4
-1,31,11,4,21.64510166,10,3,12,6,3,8,16.08888889,12,17,14,15.68322981,58.69120276,-12.08030812,80.93278294,1.870967742,-4
-1,32,19,4,20.52166934,11,3,14,6,3,9,16.4006734,14,15,15,14.3117207,62.05641756,-1.861114048,57.0624312,1.458333333,-6
-1,32,4,0,25.32608696,1,1,15,5,1,4,17.94927536,13,18,15,15.74643875,70.66360866,-11.11407781,80.28328504,6.9,-4
-1,25,9,0,20.83414634,9,2,17,7,1,8,20.56630824,3,11,22,10.89731051,54.92706285,-6.747299454,88.53713213,1.555555556,-1
-1,32,20,2,19.40901503,18,2,19,11,20,5,14.83529412,19,11,24,15.90117647,54.24622284,-4.06952526,60.95023391,1.5,-2
-1,19,8,4,21.5730897,13,4,32,12,2,11,21.80697051,0,10,12,11.75592417,106.3600829,11.66617439,74.94753599,0.735294118,-1
-1,26,10,3,23.26484018,5,2,17,3,0,4,16.15686275,0,16,15,15.47440273,68.4334966,-0.989662081,90.21862806,2.428571429,-6
-1,32,23,0,17.65247019,0,1,14,8,30,9,14.13522013,14,16,15,16.7597254,29.23336248,8.974985469,103.6058837,2.4,-1
-1,30,11,0,22.33548387,1,2,10,3,20,3,13.27419355,10,14,14,15.99105546,71.65448779,1.265075317,85.10725452,1.421052632,-3
-1,32,6,3,19.67850099,2,2,14,9,10,6,16.22380952,13,15,20,15.46034816,37.23196989,-3.960604439,81.65655152,3.5,-3
-1,19,10,0,17.54712644,20,2,32,9,10,22,14.8,1,6,5,17.49350649,65.90757295,-12.9028504,63.10710069,1.256097561,-1
-1,32,23,0,20.53996101,3,2,6,4,10,2,15.60493827,1,15,15,15.94520548,85.62557588,-2.602176769,103.0772324,0.965517241,-2
-1,27,6,0,20.55912162,8,2,26,10,1,5,21.1027027,26,11,18,12.12731481,59.89351852,5.88117284,88.2592539,1.846153846,-1
-1,28,11,0,20.73763441,3,2,32,6,28,10,12.22222222,8,21,21,17.60286225,44.1760171,7.44522707,89.07662866,3.5,-1
-1,32,17,0,18.86390533,0,1,9,6,28,9,13.10032362,2,19,19,16.67698259,37.19073363,17.66839638,106.3192574,2.7,-1
-1,26,3,0,21.52049911,5,2,22,11,19,5,17.38202247,12,14,15,14.83585313,59.81747361,-9.835890451,92.34886574,2.043478261,-1
-1,16,3,1,20.24677188,15,2,23,9,27,8,18.64444444,6,9,25,14.8440367,66.74713127,8.005078136,131.8992228,1.12,0
-1,14,4,0,20.22978723,17,2,19,8,26,9,18.14983713,17,7,26,16.40438871,64.46986567,-6.734770688,110.5041814,0.9,-1
-1,32,16,0,18.93762994,0,1,9,6,28,8,14.32280702,0,21,22,15.45672192,35.63133672,14.57169941,101.8135045,2.7,0
-1,32,17,2,27.0625,4,5,2,1,4,0,9.523809524,2,15,16,17.26625,81.65124375,-2.867771875,75.50536094,0.338028169,-4
-1,32,26,0,19.53358209,4,2,6,5,9,2,14.33707865,1,12,13,15.52254098,79.3315473,1.178740594,96.52818043,1.222222222,-1
-1,25,6,0,22.41735537,6,3,15,6,2,5,12.25988701,6,29,30,16.72592593,64.64996914,-0.708312757,99.75080933,0.9375,-4
-1,32,21,2,22.56745182,4,3,15,4,4,4,13.24516129,15,17,18,16.67684022,76.18513517,-8.504033857,74.89018176,1.45,-6
-1,20,4,0,21.24363057,12,2,32,7,24,11,11.75284091,18,12,12,20.7979798,67.60347796,15.88988369,82.01474339,1.8,-1
-1,30,25,0,19.52903226,12,2,14,3,20,10,8.919402985,6,12,12,17.44306931,81.58216719,29.91098299,73.30121434,1.5,-2
-1,29,5,0,22.88295688,5,4,9,3,26,6,6.956730769,4,13,14,17.37802607,70.56334766,32.7951028,80.08614657,0.61038961,-5
-1,25,5,0,19.81647399,12,2,28,10,26,6,12.78703704,17,12,14,15.34638554,52.991608,1.187481855,65.52158332,1.961538462,-2
-1,18,4,0,20.62609971,16,3,31,5,23,2,6.461538462,12,19,18,12.43274854,76.43521083,1.876680004,75.87705619,0.613636364,0
-1,31,18,0,19.84033613,7,2,20,4,20,9,8.905228758,5,13,13,17.2983683,75.39080966,27.7152428,70.63358708,1.47826087,-2
-1,23,6,0,22.00711744,8,2,19,5,13,6,18.835,10,17,20,14.25757576,79.02363618,4.831923127,69.73668503,1.6,-2
-1,32,11,0,19.75198413,0,3,24,3,28,4,12.44274809,24,15,16,17.39230769,79.09946746,14.75751479,94.45763314,1.035714286,-1
-1,31,21,0,20.19925512,1,3,19,5,4,7,21.71428571,19,22,17,13.86858316,54.9555802,-24.0475821,91.09155918,1.060606061,-1
-1,15,4,0,19.91586207,16,2,15,7,31,7,9.683035714,15,13,10,17.26086957,66.73263163,4.900101789,65.91856914,1.1,-2
-1,31,11,0,20.26795096,10,3,7,4,1,5,16.77297297,3,10,11,15.12362031,70.31180894,-4.394271206,102.6822898,1.171428571,-1
-1,32,13,0,19.55349794,0,1,15,11,17,4,16.04651163,15,19,18,15.89033457,43.02617432,-9.433354984,86.74819654,3.142857143,-1
-1,31,17,0,22.3715847,0,3,12,1,24,2,13.9893617,12,16,14,15.43920973,81.52297189,1.985874114,81.10040789,0.677419355,-2
-1,32,7,0,21.71428571,0,3,6,2,0,3,15.6,0,19,16,15.90016367,75.84096796,-4.362345006,101.9360229,0.538461538,-3
-1,26,5,0,20.47226624,10,2,25,13,18,5,16.27607362,11,13,13,15.03562341,59.05426387,-6.593775292,98.26845107,1.785714286,-1
-1,27,5,0,20.12025316,6,2,14,7,1,9,19.15224913,2,21,13,11.92602041,47.30835459,3.279655612,65.3542209,1.083333333,-1
-1,32,9,1,20.01672862,0,2,16,8,19,6,12.30805687,16,17,22,17.08230453,45.58558147,9.541711121,69.35125066,1.416666667,-2
-1,32,24,0,20.15703971,15,3,6,4,1,7,22.57647059,1,16,12,13.75531915,62.04552286,-24.69832503,99.5337483,1.16,-2
-1,32,9,0,24.80932203,0,1,18,5,2,0,0.428571429,18,21,28,17.47588832,80.35034882,-18.94206724,74.67835264,1.5,-1
-1,29,10,2,24.35806452,2,3,15,2,0,3,15.38655462,0,25,18,15.36694678,68.02788566,1.462275106,87.34714278,2.193548387,-9
-1,28,13,4,20.96133568,5,2,30,7,0,3,19.33333333,30,9,9,15.96923077,84.93218693,-7.350667794,73.03202029,1.542857143,-2
-1,30,8,2,24.49685535,2,2,8,2,0,4,16.02307692,5,21,21,15.63739377,68.75250784,-3.237956327,91.32744023,2.3,-8
-1,25,3,0,21.039801,8,2,12,4,1,10,20.59402985,1,20,20,13.84085511,57.60517036,-20.52152154,87.83928098,1.421052632,-2
-1,30,25,0,20.61490683,3,4,17,1,0,3,21.55660377,0,13,17,14.67652495,76.56017985,-1.756837649,76.64767443,0.585365854,0
-1,29,8,0,23.28475336,4,2,13,3,8,6,17.1722488,13,19,17,15.62283737,71.6559069,-5.651482861,76.90619126,1.176470588,-2
-1,21,5,0,21.19134775,10,3,32,6,17,7,13.53448276,11,12,13,18.43026005,52.60017102,1.897339168,96.1080205,1.019230769,0
-1,30,6,0,24.00879765,2,2,6,1,12,6,17.28358209,6,20,23,15.63250366,67.74010534,-7.677707299,83.11970486,1.4375,-3
-1,29,5,0,20.99145299,6,2,15,6,1,7,20.61960784,1,21,17,12.07289294,51.14095506,-0.06284214,74.56871851,0.966666667,-1
-1,32,23,0,20.49724771,13,3,6,4,2,8,22.47126437,2,16,16,13.32776618,62.43627774,-27.29438505,99.848728,1.115384615,-2
-1,31,10,2,23.88141026,0,2,8,2,1,3,14.31958763,3,17,13,15.83146067,76.72254135,1.616557253,88.86766191,2.62962963,-9
-1,27,5,0,21.11359404,4,2,17,7,20,7,10.84016393,10,17,22,17.49281314,46.02433708,17.97520334,77.13290523,1.285714286,-1
-1,13,4,1,20.8237037,18,3,32,15,2,13,15.64988558,28,6,7,18.51862464,73.78077356,-11.15715799,100.0949253,0.110638298,0
-1,28,6,0,21.70954357,3,2,23,5,26,6,11.84331797,10,17,23,16.72324723,57.15717379,6.954616631,77.14481012,1.105263158,-2
-1,29,6,0,20.35,6,2,22,13,21,4,14.3877551,8,13,14,15.87623762,59.62812469,-0.927458092,101.4302274,1.653846154,-1
-1,32,16,2,18.92762186,16,2,16,10,13,9,15.53943218,16,14,14,15.31412104,47.90673455,0.478112101,41.18951241,1.05,-1
-1,24,8,4,20.73001508,13,3,32,11,0,7,19.74672489,26,12,10,14.60110803,68.42670022,0.355997882,75.95722869,1.435897436,-2
-1,32,22,0,18.68674699,0,2,3,2,0,2,16.54255319,0,11,13,15.67110266,90.55279099,-2.344518498,89.26254897,1.041666667,-2
-1,16,5,1,20.81089259,15,2,19,8,27,8,15.69348659,3,9,30,15.95592287,63.38229781,-14.31531696,137.9374511,1.142857143,0
-1,29,6,0,21.3699115,8,2,26,2,2,9,16.75,26,10,15,15.15904139,64.49348541,-13.14342062,90.98777773,1.285714286,-3
-1,32,21,1,16.95195531,25,3,31,26,0,0,0,31,5,7,15.3875969,140.1937384,2.53013641,23.2296136,0.292682927,0
-1,31,21,0,19.80067002,8,2,12,3,5,10,21.52034884,12,12,12,13.28103044,74.79592385,-33.58258971,95.65404297,1.238095238,-2
-1,26,17,2,19.62738854,5,2,32,8,13,15,15.55761317,4,16,14,16.68939394,60.72137409,19.91240052,85.7797865,0.925,0
-1,30,7,0,22.7139738,2,2,8,2,21,4,14.07913669,8,17,14,15.59187279,78.59666434,3.515935397,78.99420957,1.5,-3
-1,31,17,0,19.82675815,4,2,23,3,4,13,19.60238095,23,14,18,13.75283447,60.80020156,-36.56854911,91.10670965,1.25,-1
-1,15,4,0,19.78854025,16,3,15,7,31,7,10.1625,15,14,13,16.95532646,63.48297729,4.50380841,69.89834792,1.114285714,-2
-1,32,20,3,18.52557545,22,4,3,1,0,21,15.88382353,2,5,6,15.90495868,81.56719145,12.76512875,124.3174134,0.857142857,0
-1,30,7,2,20.24338624,3,3,18,9,0,5,15.47752809,0,10,18,15.08752735,45.50751979,4.486092823,87.54594947,2.422222222,-1
-1,32,9,0,19.08687616,0,2,12,8,1,8,15.49815498,3,17,16,15.63975155,35.87845976,-0.709206178,117.9364736,2.210526316,-2
-1,27,8,1,23.37064677,5,1,26,9,8,3,16.44859813,26,20,27,18.88263666,61.76423941,-8.838669989,59.10037376,1.764705882,-2
-1,29,6,0,21.89074074,6,2,15,3,6,11,16.9171123,15,19,19,15.72933884,68.28493187,-12.51596117,97.08170122,1.19047619,-1
-1,32,20,0,19.38577586,0,3,2,0,9,0,2.913043478,1,11,11,14.21964286,105.3585587,4.046626276,88.65354273,0.7,-3
-1,32,23,0,19.05929487,15,4,5,4,1,9,21.49206349,1,11,11,13.3825,65.2596,-25.40235,94.13619375,1.269230769,-2
-1,31,10,2,24.26557377,0,2,7,1,0,3,14.77310924,0,16,19,15.69680111,73.56252406,-0.478873648,93.71613719,2.5,-8
-1,31,24,0,19.17052023,11,4,11,5,18,7,7.751968504,11,9,8,20.12349398,77.50199594,3.25480839,52.91547213,0.775510204,-1
-1,29,6,0,22.30501931,5,2,13,4,8,6,18.13270142,13,20,14,15.36561265,77.62474418,-3.660668812,75.39794794,1.117647059,-2
-1,25,5,1,22.0247619,7,1,32,5,6,11,18.15176152,17,11,16,16.05210421,67.02749788,-8.500411645,67.6606118,1.470588235,-2
-1,32,12,0,17.44,14,2,0,0,3,14,22.93234672,0,12,7,10.47321429,140.9233897,-16.8433514,43.15999681,0.305555556,0
-1,30,7,1,21.44990177,2,1,18,10,3,5,22.05681818,8,19,21,11.53980583,51.71746253,2.936683948,77.31249317,1.571428571,-1
-1,32,4,0,25.7,0,1,3,0,8,2,14.87368421,2,26,26,15.48358862,73.93380505,1.925259398,74.56045277,1,-1
-1,29,13,4,20.51529052,14,3,15,8,6,9,16.70242215,15,13,13,17.21081081,63.75883857,-28.76851717,68.32312637,1.472222222,-5
-1,32,11,0,20.06716418,0,2,21,10,20,5,14.80924855,21,18,22,16.28278689,47.18133146,-3.282996842,55.71101518,1.555555556,-2
-1,16,6,0,17.85764294,20,2,31,11,0,10,20.96142433,31,8,16,19.05988024,68.67316863,-34.22517839,55.26587543,1.529411765,0
-1,32,13,3,23.25352113,6,2,10,2,3,7,18.04545455,10,15,24,14.24080268,74.42214293,-2.028965,60.67780002,1.28125,-6
-1,32,8,0,23.71171171,0,2,4,1,4,0,8.076923077,3,28,16,15.74963821,100.9246274,-1.252238309,84.76076326,1.275862069,-4
-1,18,2,0,23.05772812,13,2,29,7,1,7,24.27232143,29,6,16,15.99383984,80.3731179,-38.30087828,56.76587581,0.650793651,0
-1,31,20,0,19.84269663,13,2,7,5,6,9,22.16271186,2,12,12,13.52618454,69.73776282,-24.24483057,94.11465103,1.3125,-3
-1,32,5,0,24.36901408,3,1,9,3,0,7,24.08467742,0,18,32,13.31240658,68.95314382,-37.92934148,81.09373247,1,0
-1,30,4,0,21.85714286,2,2,17,5,27,6,8.901869159,14,24,20,17.77307692,54.76732249,17.29294379,60.64081361,1.2,0
-1,26,11,0,21.51595745,6,4,22,4,11,1,15.60344828,22,10,9,14.34130435,82.19241493,11.20517486,81.06829395,0.785714286,-2
-1,32,11,0,25.76264591,2,4,5,2,0,2,25.96385542,3,16,25,14.40808344,77.19967907,-5.198475579,80.12942618,0.96875,-3
-1,32,18,0,20.7038961,0,2,5,2,25,3,16.92173913,4,17,20,14.228482,75.11899217,5.843451598,84.68332023,1,-2
-1,22,17,2,22.1692607,9,1,32,12,18,13,9.952702703,4,17,19,19.85294118,60.31266436,10.65236448,70.69405998,5.6,-1
-1,32,18,0,20.1104034,0,2,25,3,26,3,13.61607143,3,14,15,16.01627486,79.84940273,12.55912024,93.66881289,1.035714286,-1
-1,32,13,0,19.35907336,0,1,13,6,7,10,14.90993789,13,24,19,15.87351779,37.78267509,4.816150854,77.15001015,2.272727273,-1
-1,29,11,2,24.8839779,2,3,11,3,3,1,6.983333333,7,15,16,15.51057402,83.18531229,-4.166884201,86.60034136,1.225,-7
-1,32,11,1,19.55155483,11,2,20,10,21,5,14.68823529,19,11,23,16.24939467,56.31072469,-6.655986727,63.00559891,1.4375,-2
-1,23,4,0,24.80288462,8,1,20,3,21,2,5.97752809,20,25,26,14.74835526,80.0109045,-2.401253571,51.30345124,0.256410256,-1
-1,32,13,4,18.06040268,19,1,11,8,9,14,14.78478261,10,8,9,16.71684588,39.97756966,0.838439897,76.37502088,2.363636364,-2
-1,32,26,0,19.89552239,1,2,3,1,20,3,15.075,0,14,12,15.56216216,89.19675351,3.898806915,88.53442415,1.24,-3
-1,24,6,0,21.44234079,7,2,32,8,0,7,21.11715481,0,14,13,12.55079007,93.67730791,-14.05348308,99.72371834,1.285714286,0
-1,30,6,3,24.83219178,1,3,7,1,1,3,14.28571429,0,22,21,15.76092896,71.11695445,1.061928917,91.64366471,2.225806452,-8
-1,27,11,0,21.09927798,6,2,26,10,4,6,19.31132075,16,16,27,17.15744681,47.78468085,-21.35659574,59.48159348,1.027027027,0
-1,12,4,0,17.38047138,20,3,21,8,3,14,19.94080338,20,7,9,14.04511278,67.96359319,-41.60269094,54.31375431,1.021276596,0
-1,31,25,0,19.68025078,7,4,2,1,28,7,7.162393162,1,10,9,18.06476684,80.11399635,24.94882413,79.81186743,0.804347826,-1
-1,32,11,0,19.96815287,9,3,16,8,15,7,15.15163934,16,17,16,15.99747475,47.25923375,-1.199788287,47.81565019,1.120689655,-5
-1,25,5,0,20.52721617,9,2,13,3,16,7,13.82926829,12,15,16,16.32808399,91.5442302,5.748286385,93.48028741,1.0625,-1
-1,31,5,0,23.33088235,2,2,10,3,0,2,19.07228916,0,21,18,14.55844156,86.08531951,-2.707497048,88.95113004,0.681818182,-3
-1,32,20,0,19.48456057,0,2,3,1,1,2,11.5060241,3,15,15,15.66998342,101.1852402,-1.366899609,80.18130464,1.181818182,-2
-1,29,11,0,22.21518987,2,2,14,3,26,7,11.10480349,9,18,23,17.45151033,57.080156,11.50733114,80.67054223,1.05,-2
-1,32,0,0,20,0,0,0,0,0,8,20,0,20,29,13.83957219,61.79551174,-22.73099031,90.2416426,6.25,0
-1,32,19,0,18.55258126,0,2,9,4,28,3,13.99130435,9,13,14,16.49301397,72.69684185,9.560348365,89.47949211,0.825581395,-2
-1,32,13,0,26.98630137,0,3,4,1,2,0,24.52173913,3,28,28,15.06309148,78.00083812,-1.468936899,77.98129812,0.523809524,-2
-1,21,10,2,22.04295533,11,4,12,3,7,2,15.32,12,12,14,16.25791855,80.43394382,1.846133372,81.93800291,0.98245614,-8
-1,25,10,0,22.76031434,6,2,17,5,14,5,10.43715847,17,16,20,16.59805825,76.92745405,4.469838816,71.9801904,1.5,-2
-1,25,5,0,22.22070313,7,2,19,4,10,5,18.96363636,10,14,19,15.1171875,85.58496094,-4.426025391,73.09173584,1.555555556,-2
-1,30,15,3,21.90017825,11,2,27,13,0,0,24.93103448,27,7,14,18.8812095,97.63069287,-23.35486474,76.49344821,1.818181818,-3
-1,32,14,0,18.9625,0,1,9,6,0,5,15.6031746,0,22,21,15.40384615,39.97730728,1.48711785,99.2022929,2.6,-1
-1,26,12,1,20.02945736,7,3,16,2,24,15,11.09650924,3,12,9,19.15831135,81.92951873,46.29233993,88.01715388,0.583333333,0
-1,23,14,0,19.24525745,13,8,30,3,13,2,7.647727273,23,4,5,18.80769231,96.02617487,7.717186659,61.0154653,0.404040404,2
-1,28,6,0,22.85961123,3,2,17,4,15,5,15.37349398,11,20,16,15.80748663,69.50907629,-1.296967791,62.8256837,0.625,-3
-1,29,17,4,20.09572901,16,2,24,12,2,6,18.98165138,24,8,11,16.35072464,81.19490863,-18.89093888,108.2740937,0.972972973,-2
-1,30,9,0,19.11269615,16,3,16,11,7,8,17.10801394,15,14,12,17.22600619,40.03241668,-30.10325988,82.36687786,2.060606061,0
-1,23,7,0,23.0745098,8,2,20,3,19,3,12.85840708,12,16,12,15.59143969,88.01589729,3.935192054,84.30000454,1.612903226,-1
-1,32,18,0,19.6201232,0,1,19,7,2,7,16.37916667,19,17,19,15.77094972,40.20143635,-10.06519772,109.8302175,2.1875,-1
-1,30,5,2,21.50984252,3,2,32,9,0,6,17.28497409,0,14,10,14.98643411,51.1971749,-2.22233114,99.83896325,2.4,-3
-1,27,4,0,21.82642998,5,2,19,8,23,5,15.86592179,8,14,28,16.3868472,53.3225086,-8.738245869,114.7014131,1.55,-1
-1,21,5,0,22.18262411,11,2,23,6,19,8,12.25087108,16,15,13,16.17173913,74.93521267,12.6164603,83.98572306,1.666666667,-2
-1,26,9,0,21.54774775,6,2,25,3,23,7,14.92125984,25,10,10,15.43710021,74.65124272,-1.323425516,78.77482827,1.666666667,-3
-1,32,21,0,19.18387097,14,2,7,4,0,9,21.47798742,0,10,11,12.82178218,66.84942653,-26.00289187,90.67120871,1.307692308,-1
-1,25,9,0,19.19972826,12,5,7,3,27,4,12.86923077,7,8,6,17.87152778,82.2502773,-2.834285783,79.125856,0.506666667,3
-1,28,17,4,21.35283364,4,8,12,1,16,2,9.191489362,2,7,6,17.3836478,85.72287489,0.161504687,73.62430284,1.327433628,-18
-1,28,11,0,20.74806202,3,3,11,6,5,7,21.42857143,8,17,19,13.48031496,47.09691782,-9.115413231,64.08819518,0.943396226,-2
-1,32,25,0,20.73449612,6,2,7,2,17,8,8.094339623,3,17,16,17.26181102,80.57046314,21.15580631,69.59090381,1.5,-2
-1,31,9,3,25.78819444,2,2,7,1,0,2,12.82222222,0,25,22,15.75543478,78.18650867,2.95948281,90.38855742,2.592592593,-11
-1,28,5,0,21.19444444,5,1,22,10,19,5,14.76923077,11,18,13,15.421875,60.90696249,-1.174002511,98.10103934,1.785714286,-1
-1,32,18,0,19.85689046,7,2,6,4,9,9,21.53767123,0,13,16,13.62008734,64.11401384,-22.76966496,96.27924715,1.09375,-2
-1,29,8,0,20.05392912,8,2,22,10,21,4,14.48630137,13,14,13,15.368,69.243776,0.855509333,92.216576,1.588235294,0
-1,28,11,7,22.05959032,6,6,32,4,14,6,18.06217617,13,6,10,15.862423,81.54109517,0.662110141,56.76341343,1.460176991,-22
-1,32,15,0,20.77351248,6,2,6,4,22,3,12.84684685,5,12,11,15.7554672,73.62928591,1.435253291,102.0654522,1.148148148,-3
-1,27,13,7,20.95551895,9,6,32,5,14,5,15.18888889,7,5,5,16.38848921,84.62746925,-0.953625589,63.47497542,1.405405405,-23
-1,32,21,0,19.05984556,0,3,4,3,1,2,14.08108108,4,11,12,16.01778656,92.53491306,0.687290069,90.39691684,0.958333333,-3
-1,17,4,0,19.58710562,14,2,16,8,31,8,10.89015152,16,13,8,18.69491525,50.35571388,3.666877334,71.1069233,0.972222222,-2
-1,25,14,0,21.57168142,8,2,16,2,2,8,14.74538745,15,11,12,15.29411765,78.83242438,-2.084198385,82.89606562,1.739130435,-3
-1,18,4,0,20.43970588,13,1,20,6,12,13,14.94212963,0,12,13,15.56976744,60.31428306,0.521396701,70.80908599,0.75,0
-1,25,13,0,18.07295597,18,3,16,4,12,5,7.072289157,14,7,7,15.99126638,111.0378139,8.15440209,57.19643027,0.296296296,1
-1,29,20,4,20.26213592,4,6,32,4,8,4,6.496402878,12,7,8,17.94334975,70.86726807,-1.109969909,66.87610109,1.292035398,-23
-1,31,21,0,20.62547529,4,2,5,3,9,3,18.75,0,16,15,14.97188755,89.48510911,1.151352398,98.3124627,1.035714286,-2
-1,32,10,0,21.60827251,0,2,6,3,20,2,13.93617021,0,17,13,15.87275693,72.43245185,4.587967608,95.27907837,1.227272727,-3
-1,32,15,0,21.03015075,0,1,15,5,6,7,14.30530973,12,25,22,15.44728435,49.39924874,9.164700058,79.94051179,2.166666667,-1
-1,31,18,0,20.16525424,0,3,22,1,0,3,22.45967742,22,16,15,15.53804348,83.5827787,-11.74231057,77.91159617,1.628571429,4
-1,29,11,0,24.02209945,2,2,16,4,9,4,15.85810811,15,21,22,15.06193353,64.73209445,-0.178069751,67.17894369,1.294117647,-2
-1,22,9,0,21.3062201,15,3,13,3,22,2,5.968085106,13,19,19,13.40302267,76.07277503,-4.154731012,76.83001605,0.605263158,0
-1,32,20,0,20.74384236,0,2,9,2,24,1,11.16393443,2,16,21,16.57119741,86.98911825,7.883107634,83.45528692,1.111111111,-2
-1,31,19,0,19.67153285,0,2,8,3,25,4,12.734375,1,14,17,17.09663866,79.91460702,11.7073653,85.700745,1,-2
-1,16,7,0,18.42590286,15,4,18,7,4,7,14.33858268,18,7,16,14.25791855,44.88446183,0.10630413,88.45384001,0.318965517,3
-1,28,12,0,22.01730769,6,2,9,2,22,6,15.09677419,9,14,14,15.36111111,75.1984127,-3.479497354,85.4529321,1.5,-3
-1,23,5,1,22.66602687,8,2,26,7,3,4,19.78666667,10,13,27,15.20874751,74.92301855,-5.109893324,101.4136809,1.625,-1
-1,31,11,0,21.51574803,3,2,13,3,5,9,17.26384365,13,22,18,15.4244186,67.81732994,-8.801165044,94.86056652,1.136363636,-1
-1,31,16,0,19.86655113,3,2,7,5,12,3,12.87394958,2,13,13,15.42281879,81.07740893,1.312238187,97.21048601,1.028571429,-2
-1,32,11,0,19.95909091,0,1,11,4,27,8,12.09574468,11,24,21,17.87842466,42.70707157,10.56542914,86.94241122,2.454545455,-1
-1,31,16,0,19.55080214,2,1,16,5,10,11,14.08730159,11,23,16,16.37365011,39.31860484,11.17841199,73.66384132,2.363636364,-1
-1,31,11,1,23.71176471,1,3,20,3,0,1,16.31707317,2,13,17,15.63304094,89.29991066,-4.767828135,91.81417145,1.433333333,-5
-1,19,5,0,19.84135977,13,3,26,4,1,6,21.82741117,12,8,12,16.36477987,93.60797635,-35.4358807,81.87322495,0.966666667,0
-1,23,3,3,22.08944544,9,3,32,6,6,13,16.35406699,3,11,11,14.78924731,71.52569777,15.88036998,103.194293,1.114285714,-1
-1,30,10,3,24.10828025,1,2,7,2,0,2,16.73333333,0,16,14,15.44647887,78.59877802,-2.250977981,93.72600873,2.555555556,-8
-1,23,4,0,22.34095238,8,2,22,8,0,6,15.62857143,11,21,15,14.28857715,62.87375553,-9.367404147,93.09107192,1.652173913,0
-1,31,6,0,20.26029654,7,2,20,10,3,6,18.6199095,2,13,19,11.79616307,52.14023889,10.81554325,88.14310278,1.642857143,-1
-1,28,4,0,21.66602687,5,2,24,6,27,6,9.625,12,23,20,16.27833002,54.14887217,16.45435143,60.11338727,1.142857143,-1
-1,32,23,0,18.73375262,0,2,3,1,0,2,15.70149254,0,12,13,15.3583181,106.1233319,-0.6757016,86.32133392,1.090909091,-1
-1,17,1,3,21.78726968,14,1,32,13,14,18,15.63464837,0,7,8,15.07962529,72.15717741,15.78657811,108.8273835,1.285714286,0
-1,32,15,0,19.81122449,14,2,7,5,7,9,21.75510204,1,12,12,13.46330275,65.39043431,-24.53924333,95.50094689,1.03030303,-2
-1,31,4,5,24.41292135,3,3,26,6,1,4,17.06153846,26,11,12,14.78892216,68.98673312,2.339918964,93.16652399,1.897435897,-5
-1,22,5,1,20.1035503,11,3,25,6,28,11,16.89196676,20,9,10,16.5,54.07659532,-11.40229885,84.06609195,0.857142857,-1
-1,29,4,4,26.99636364,3,3,32,3,1,4,16.44444444,0,12,11,15.41121495,89.20466452,-0.513407284,90.39966061,0.677419355,0
-1,31,23,0,18.40993789,0,4,21,3,1,3,15.62857143,21,8,8,15.53421053,94.26046399,-3.826585873,95.66461911,0.95,-4
-1,30,18,3,19.24752475,19,3,27,3,10,8,23.22307692,27,7,8,12.29337539,92.66098777,-15.73254784,66.94547662,0.852941176,-2
-1,31,14,0,20.42530756,4,2,10,3,15,3,14.91891892,6,16,15,15.22417582,90.47286077,1.725936481,99.05743751,1.058823529,-2
-1,31,24,0,21.04480652,4,3,28,2,6,1,7.163636364,8,12,11,17.54409006,114.6757741,1.581961991,74.10546695,0.47826087,-3
-1,30,19,0,19.29787234,1,2,18,6,2,12,18.3307888,18,13,14,14.75302663,43.80871084,-28.937644,91.22713975,1.88,-1
-1,32,17,0,19.28502415,15,2,7,5,7,10,20.48192771,6,12,12,13.93052109,58.84801951,-30.1515618,93.10683521,1.272727273,-2
-1,31,13,6,20.76527331,17,1,29,19,0,0,27.22222222,28,9,9,19.19651741,92.82139056,-20.83000421,68.00864459,6,-3
-1,32,15,0,20.53254438,0,2,7,4,0,5,11.84180791,0,27,23,16.5393586,50.45689296,4.899119415,96.45544799,0.833333333,-1
-1,31,11,0,19.79666667,11,2,6,4,5,10,21.02352941,1,12,13,13.18396226,72.42621373,-24.96220853,79.10766732,1.476190476,-2
-1,31,5,2,21.74904943,5,2,8,2,0,8,17.18815331,0,16,17,14.9939759,82.74460493,-11.6301229,108.4678352,1.204545455,-2
-1,16,8,0,20.00420168,15,8,32,11,21,9,6.993650794,2,4,4,17.92580645,79.95672216,10.39272633,29.61707596,0.076923077,6
-1,24,13,3,20.70491803,17,2,32,8,0,10,20.34383954,10,11,8,10.54390935,75.43639705,-2.737177892,57.09793033,1.063829787,-1
-1,31,11,0,21.94882729,1,3,7,4,20,3,15.51260504,2,16,12,15.17837838,72.80904472,2.593903092,94.03124422,1.060606061,-5
-1,32,17,5,23.02,8,3,28,4,0,0,14.26315789,28,13,15,16.97212544,85.34566402,-0.007247872,85.66472824,2.390243902,-10
-1,21,4,0,20.29013255,12,2,20,8,0,7,20.55284553,20,15,11,12.22028986,55.69927326,-3.466985927,82.16596513,0.981481481,0
-1,28,6,4,22.70916335,7,3,16,2,7,5,11.51875,0,15,9,13.98659004,79.81663878,10.47117996,84.38870906,1.323529412,-8
-1,7,2,1,18.36071429,24,1,32,20,13,20,14.8902439,2,5,4,18.61413043,85.26131262,3.592479915,96.66088729,0.234449761,0
-1,32,21,0,19.424,0,3,2,0,28,1,12.2,0,10,14,15.24191063,85.91814359,4.570801114,96.69186445,0.641025641,-2
-1,32,12,0,21.78186969,0,3,4,0,7,1,13.27868852,4,14,13,15.84649776,98.08603837,1.424659238,86.17464869,1.263157895,-7
-1,32,24,0,20.32962963,3,2,8,2,16,8,7.85440613,1,16,14,17.1446281,84.70795625,22.81223106,72.5699918,1.52173913,-2
-1,29,7,0,21.26833631,4,2,15,6,2,8,20.37454545,3,15,23,10.98494624,54.09890623,-2.898989479,79.95031102,1.705882353,-1
-1,21,3,1,19.89550073,12,1,22,13,1,7,20.94372294,4,11,15,10.80298507,51.15851192,0.948148808,96.60596124,1.565217391,-1
-1,29,8,3,24.52662722,2,3,8,2,0,3,15.056,0,25,15,15.31924198,69.56245484,-0.191941708,93.64006706,2.379310345,-8
-1,32,12,4,19.75407166,13,2,12,8,4,10,17.67846608,11,11,12,12.98536585,41.52295657,-6.492897085,96.54124926,2.641025641,-3
-1,27,5,0,21.39455782,7,2,17,4,3,12,16.94545455,15,18,19,14.70412844,73.40073963,-15.53842795,97.60282699,1.263157895,-1
-1,27,9,0,22.3992016,4,2,11,2,8,3,15.88235294,11,17,17,15.50286807,100.035828,-0.466074895,83.28249655,1.117647059,-2
-1,29,6,0,22.08791209,2,2,16,3,25,5,11.42857143,8,17,24,16.88400703,65.2074833,7.481759693,81.00236285,1.111111111,-3
-1,32,24,0,19.84219858,12,2,5,4,4,9,22.00326797,2,12,17,13.2326087,68.23260397,-28.02659263,87.62632798,1.277777778,-1
-1,29,13,0,21.89330544,3,2,12,3,12,3,15.44354839,10,17,18,15.42490842,84.09732118,1.644749024,75.1894162,1.25,-2
-1,32,14,0,19.03723404,1,2,13,5,27,12,14.25322997,10,18,17,15.98695652,35.17812382,11.63639887,76.20417769,2.166666667,-1
-1,30,10,1,23.97619048,2,2,10,2,0,6,14.95833333,0,29,29,15.21366279,65.08855293,-2.601993476,95.83370868,0.727272727,-4
-1,25,12,1,19.00131062,16,3,14,8,21,10,15.81305638,14,9,12,18.94252874,56.70959029,-32.89769675,61.80895759,1.447368421,-2
-1,25,10,2,21.21678322,6,4,23,9,1,5,12.26060606,11,11,12,15.32522124,58.59207358,3.717631569,67.95396566,2.833333333,-6
-1,26,11,1,21.52189142,7,3,15,2,23,7,15.23504274,15,10,15,15.36423841,78.48813649,-4.863646331,82.69072994,1.739130435,-2
-1,15,10,0,18.40248447,18,2,32,13,6,14,15.43817787,6,7,10,17.29680365,35.34872084,-9.300806906,69.8708117,1.314285714,0
-1,32,11,1,21.76495726,7,1,21,6,0,2,15.35802469,0,14,14,15.32014388,86.74927217,4.692090213,128.3435511,0.435897436,-1
-1,26,14,1,22.03515625,5,2,14,5,7,9,18.41946309,14,14,18,14.16601563,56.55639648,-7.455535889,81.99782944,0.725,-1
-1,32,7,0,19.95444191,0,2,8,3,15,8,16.51865672,4,19,19,14.8017094,47.37520637,-2.532924246,79.81025349,1.365853659,-3
-1,22,4,1,21.87244898,11,1,25,12,0,5,12.81818182,11,16,14,14.44954128,73.12456864,-6.042946722,102.6648851,1.736842105,-1
-1,32,18,2,22.7,1,4,1,0,0,2,15.80882353,0,10,9,15.27861446,91.75551377,1.779637375,94.45400049,1.452830189,-14
-1,30,9,0,21.52733686,7,2,11,5,1,9,20.33223684,2,20,23,13.35229759,60.16495171,-18.32213226,82.69645533,1.588235294,-1
-1,31,13,0,18.88490566,0,2,6,4,24,11,14.24929972,3,16,17,15.54453441,41.15032618,12.96818092,93.09417053,1.535714286,0
-1,23,5,1,20.60344828,9,2,12,6,27,9,13.5033557,5,12,11,18.91709845,51.52898064,9.07490134,95.3195522,1.307692308,-2
-1,27,5,1,23.74352941,4,3,30,4,0,4,18.74615385,26,12,16,14.90984975,79.59041363,-8.553585414,83.63461083,1.318181818,-4
-1,32,12,0,21.41797753,1,2,21,7,27,1,12.4,19,16,16,17.92055268,82.13266277,-15.55900084,77.45482802,1.444444444,-1
-1,32,23,1,22.09322034,0,3,0,0,0,2,16.25333333,0,10,10,15.37014925,95.31686567,-1.277313433,91.34358654,1.516129032,-12
-1,10,2,0,19.7393617,21,2,32,14,10,19,14.74019608,21,9,22,17.94485294,82.02528925,-37.20784224,24.8976941,0.2,0
-1,31,14,0,20.37019231,8,2,22,10,5,3,16.25806452,7,14,14,14.625,75.90269375,2.3009375,92.199375,1.6875,0
-1,20,5,3,18.65300896,14,2,32,16,5,14,18.64823009,14,6,7,16.49794239,54.00670629,-23.25219733,104.5462921,1.818181818,2
-1,32,11,0,21.17726397,9,2,6,3,5,9,20.68581081,0,17,15,13.74257426,66.80780316,-20.99362808,93.79907852,1.142857143,-3
-1,23,5,1,22.11610487,8,2,24,8,0,6,15.43378995,9,17,12,14.20408163,62.53448147,-10.84089963,88.83998334,1.583333333,0
-1,29,14,1,19.38881119,15,3,13,8,8,11,17.07588076,13,13,11,16.80906149,54.30894105,-29.90179198,69.8308564,1.487179487,-5
-1,26,3,0,23.56079404,5,1,19,3,24,5,14.92777778,9,27,16,15.71014493,71.06190472,3.829774324,94.03836729,1.538461538,-1
-1,32,15,4,18.9984326,13,3,13,10,2,9,16.17647059,12,10,10,15.52849741,44.2097506,-1.923756342,92.24400655,3.029411765,-4
-1,32,17,0,19.04899777,0,2,28,3,1,2,15.77777778,3,13,14,15.04,91.16069263,-2.122504348,85.8157913,1.130434783,-2
-1,22,5,2,20.94634146,10,6,32,14,5,7,22.74248927,29,14,20,14.52322738,51.5646487,-11.51338168,40.99273677,1.181818182,-1
-1,22,7,3,22.07863248,11,4,11,2,9,2,14.5974026,10,13,12,16.48291572,84.08048941,0.989705325,83.73034594,0.964912281,-6
-1,32,0,1,20.02362205,0,0,0,0,0,11,16.83464567,0,21,20,14.70917574,54.42523745,-17.84679126,91.01495469,1.428571429,0
-1,26,8,0,23.55701754,5,2,17,4,8,5,22.10582011,9,21,23,13.54225352,75.87784852,-3.785942769,66.55807379,1.55,-2
-1,26,5,0,21.30902778,8,2,17,7,1,7,20.872,3,12,23,11.03571429,57.06711874,-3.033083546,87.3692602,1.647058824,-1
-1,32,15,0,21.18546366,0,2,9,2,25,2,10.42028986,3,17,20,16.7808,87.03013376,9.87186944,86.91995136,1.055555556,-1
-1,32,11,0,19.70280374,6,2,5,3,29,6,7.949771689,4,13,13,17.44376278,78.64187587,20.57360081,80.66810527,1.4,0
-1,32,18,0,19.51489362,0,2,17,5,9,8,14.06968641,17,23,20,16.67509025,40.21842133,5.585371893,73.94858528,2.428571429,-1
-1,32,23,0,18.00807754,0,1,20,16,20,2,14.93103448,20,14,16,17.03950617,50.4577351,-12.86688005,67.21819235,1.785714286,-1
-1,32,7,2,22.44863732,6,2,11,3,6,9,15.10238908,11,17,21,15.73126143,69.83374832,-0.253531812,52.85830974,1.5,-6
-1,32,23,0,19.01285347,0,2,9,2,27,2,19,0,14,16,15.39527559,88.19302871,1.943532767,84.81541075,1.04,-1
-1,29,8,0,21.77799607,6,1,19,6,27,7,9.201754386,14,24,19,17.3223301,54.28547837,23.02508436,62.27280234,1.2,0
-1,30,12,0,22.10681818,1,2,12,3,12,3,16.30275229,12,18,18,15.3630137,79.36098471,-0.878870332,75.58054982,1.428571429,-2
-1,32,22,0,21.08181818,0,2,15,2,25,2,8.675324675,15,19,20,15.4481268,81.21178857,7.339474209,88.63924001,1.052631579,-1
-1,32,13,2,24.47044335,12,2,12,5,0,6,9.962264151,0,13,14,18.21521036,78.90338392,2.308291702,86.66080424,1.285714286,-2
-1,30,7,2,20.49820789,3,3,18,9,0,5,15.39444444,0,10,18,15.10944206,48.79834313,4.701205585,87.18330141,2.477272727,-1
-1,29,4,0,22.55776892,7,4,12,4,27,7,7.485596708,7,12,13,17.57279693,65.26865798,32.68307497,76.13742091,0.670886076,-5
-1,28,7,0,20.38950715,7,2,24,10,19,3,13.89430894,9,14,14,15.45063291,77.65033809,1.353257491,98.25262618,1.6875,0
-1,31,6,1,23.39178082,1,2,18,2,1,8,14.32307692,18,24,20,16.18968134,63.44531766,4.76748695,88.65142615,1.583333333,-4
-1,32,7,0,27.60479042,0,3,2,0,1,0,27.5625,2,28,24,14.51808635,87.54288725,0.374073625,71.49354686,0.76,-4
-1,31,19,0,19.78798587,8,2,6,3,29,10,9.692771084,6,14,14,17.86244541,72.88734006,24.90778208,71.66011804,1.5,-1
-1,32,8,0,25.5,0,4,2,0,0,2,18.55384615,0,17,19,15.06171285,83.59645071,-4.171075256,89.41558699,1.43902439,-13
-1,24,5,0,22.13133208,7,4,5,1,0,1,11.68421053,4,12,12,14.3299389,110.2466557,9.168150953,80.59582464,0.3875,-3
-1,24,4,0,21.05315615,7,2,14,6,0,6,20.73991031,0,23,17,13.42654028,54.43168392,8.263010714,72.46261315,1.266666667,-1
-1,29,18,0,23.25779037,2,2,13,4,8,6,24.68780488,13,17,28,13.56929955,58.97618387,-23.64576527,60.24221695,0.666666667,-1
-1,32,3,0,24.9638009,0,1,13,2,11,4,17.38848921,13,21,27,16.03362391,66.335321,-12.76274525,65.75603008,0.96969697,-1
-1,25,15,7,20.17857143,16,4,32,10,7,9,14.28840125,5,4,4,17.47222222,72.6614369,3.906121399,89.44058642,0.920634921,-1
-1,32,24,0,19.87522936,0,2,4,3,5,9,21.53721683,1,13,14,13.26304802,74.1705798,-23.12981987,84.09364499,1.428571429,-2
-1,31,21,0,17.85260116,7,3,15,4,27,9,11.92708333,4,8,9,17.97289157,57.60912324,13.43092249,110.2552892,1.076923077,1
-1,32,16,0,18.53252033,0,4,14,5,29,9,13.60771704,14,20,18,16.56578947,34.07335067,11.0479818,91.6178522,2.769230769,-3
-1,30,19,0,21.46774194,4,2,6,4,18,3,15.21367521,1,12,13,15.60795455,78.58797851,3.390549673,92.06031551,1.111111111,-4
-1,32,32,0,17.53254438,6,3,7,6,11,5,4.030674847,7,11,13,16.26724138,55.98899293,16.91366924,70.73030618,0.655172414,0
-1,29,5,0,22.47808765,5,2,16,4,5,8,17.55849057,16,21,20,15.43678161,76.33112036,-9.787224204,88.30730612,1.285714286,-1
-1,31,23,1,19.08139535,0,3,26,2,26,7,13.83064516,6,11,12,15.12007874,60.02952368,6.901338428,85.35762834,0.857142857,-1
-1,23,9,4,19.72275862,15,3,21,2,3,8,9.443636364,3,5,9,15.36120401,106.3206676,19.3297726,84.39795975,0.972222222,-2
-1,27,17,7,21.29964539,5,8,32,3,0,3,13.85436893,31,5,5,17.56304348,83.25090265,-3.668917769,69.51993856,1.288135593,-16
-1,31,15,0,18.86809269,0,1,23,8,29,9,13.34,16,18,18,17.12958963,34.58176322,9.896869417,94.09551754,1.769230769,-1
-1,32,22,0,18.08158996,0,2,4,1,29,1,14.33898305,4,11,12,15.91575092,103.7333018,-2.818084236,83.25663836,1.12,-2
-1,29,14,6,21.36633663,12,2,23,10,1,8,20.60153257,23,13,10,11.62200957,68.61161603,-6.290755706,63.96717108,2.326086957,-5
-1,28,5,0,22.59266409,6,3,17,5,2,5,20.34161491,17,14,19,13.99011858,67.92965442,-1.11668281,82.70543595,1.458333333,-4
-1,32,19,0,19.87162162,1,3,1,0,8,0,7.612903226,1,11,12,13.93275862,105.9306629,6.849658145,90.61444411,0.7,-3
-1,26,8,0,23.30801688,7,2,20,5,6,4,21.42753623,9,17,22,14.07818182,83.05038347,1.92637686,70.56297851,1.647058824,-2
-1,32,14,0,24.44409938,3,2,6,2,0,4,22.86567164,2,15,22,14.21937322,72.75852672,-4.152551521,83.61569305,1.2,-1
-1,28,8,4,24.96107784,3,2,7,1,0,3,15.08928571,0,25,14,15.22753623,75.17925646,1.502873346,93.7873577,2.555555556,-8
-1,29,19,1,21.06099815,5,2,14,4,21,4,12.19047619,14,13,12,15.93581781,74.66990728,2.61031596,88.22569431,1.333333333,-3
-1,25,5,0,20.9804878,10,4,28,4,0,5,20.28220859,28,12,14,14.63080685,67.31734028,-1.21834518,69.26956439,0.740740741,-1
-1,32,17,0,20.87948718,0,2,8,2,25,3,12.15533981,1,18,19,16.65930599,81.52605011,13.64513031,87.92809163,1,-2
-1,23,5,0,21.46622735,11,2,25,12,0,5,14.28729282,11,16,13,14.29256595,66.99730288,-5.96405178,98.4419831,1.7,-1
-1,24,9,0,19.63572433,13,2,15,3,2,17,15.83514493,13,16,15,14.79872204,76.66049465,-10.5678531,113.2661964,1.19047619,-1
-1,28,5,0,24.6484375,4,2,19,4,7,2,14.35555556,8,15,27,16.39375,79.24984375,-2.992421875,97.90746094,1.4,-2
-1,32,16,0,22.21489971,0,3,2,1,1,1,16.05357143,1,20,23,15.48740741,89.44545185,0.819279012,72.86613772,1,-4
-1,30,12,3,21.45547945,11,3,16,9,3,6,16.9266055,15,17,13,15.97272727,62.66022727,-14.78636364,82.70834711,1.756097561,-5
-1,29,7,0,21.25217391,7,2,22,11,17,4,16.34285714,8,14,14,15.18708241,64.91816013,-5.931488435,97.64428748,1.785714286,-1
-1,30,15,0,21.6416309,3,2,11,2,17,3,14.25490196,11,15,15,16.15770609,91.61088629,2.309778908,93.60953739,1.086956522,-1
-1,31,20,0,20.17699115,14,2,5,2,29,12,11.84299517,5,26,21,18.01742919,59.54376522,20.01063693,70.77529535,1.526315789,-1
-1,28,11,0,19.6293578,3,1,32,7,29,13,12.53051643,5,21,16,17.86430063,36.95719597,13.17291155,96.6058028,3.090909091,0
-1,32,23,0,21.33472803,10,3,5,3,0,3,15.26470588,0,12,12,15.47619048,78.40250439,-0.516832374,111.7073086,1.166666667,-1
-1,26,7,1,22.59236948,7,2,23,3,19,7,10.63137255,3,13,14,15.27756654,87.59538594,16.92700487,97.09786176,1.428571429,-1
-1,27,8,0,22.26996198,6,2,12,3,9,3,15.73275862,12,17,18,15.73293173,92.15598136,-2.657457138,77.00698779,1.111111111,-2
-1,32,12,0,19.73453997,13,3,21,10,5,7,16.56854839,21,8,10,16.09418283,52.26988743,-6.66727542,62.70581104,2.884615385,-7
-1,32,15,1,23.4789644,1,4,1,0,0,1,14.48888889,0,19,11,15.38601399,90.38528241,0.4877461,93.44260159,1.627118644,-17
-1,31,17,0,18.9766537,0,2,22,8,28,7,15.79757085,22,19,17,15.33921569,35.25655133,7.528731257,98.36140331,1.782608696,-1
-1,31,21,0,21.63598326,0,2,19,3,3,5,15.8447205,1,20,16,15.06593407,74.22406379,0.298856821,102.8967516,1.233333333,-3
-1,18,4,0,20.44933921,13,2,14,6,29,7,9.935897436,14,18,13,16.82215743,59.07205331,2.750163622,62.04708922,1.090909091,-2
-1,29,10,0,22.08486239,2,2,14,3,24,6,11.28431373,8,17,23,16.84183673,59.2383353,9.972763085,82.89845377,1.05,-2
-1,28,6,0,23.88443396,3,2,17,4,7,3,17.32432432,11,21,19,14.66833333,81.044975,0.441658333,70.13833056,1.1,-2
-1,31,23,0,21.97862233,0,2,11,3,11,3,14.53333333,11,17,17,15.78441128,87.90058552,0.002354177,69.84075202,1.68,-2
-1,23,6,0,21.4375,10,2,24,11,0,6,13.46305419,11,16,14,14.57451923,68.07609098,-7.769485022,102.4992546,1.65,-1
-1,32,26,0,18.37125749,14,3,5,3,29,13,11.14386792,0,20,15,18.41573034,52.58340961,29.40392627,80.6979548,1.52,-1
-1,32,19,0,17.68228106,0,1,16,7,30,7,14.19665272,16,20,19,16.33958724,30.99597661,6.05361348,92.20175368,2.294117647,0
-1,29,4,0,23.09207161,4,3,21,4,8,6,18.68372093,21,22,23,16.46603476,61.84738787,-13.39174272,61.31677685,1.282051282,-3
-1,32,7,2,20.4295416,12,2,23,12,11,3,16.10185185,0,16,15,13.59310345,72.06317347,13.52261593,93.6390329,1.380952381,-1
-1,32,11,0,19.959375,9,3,15,8,15,8,15.77490775,15,16,17,15.48958333,46.37887912,-1.277398003,46.95822483,1.0625,-5
-1,26,6,0,22.26534653,6,1,13,5,11,10,16.83591331,3,22,24,14.49132948,56.86703717,-2.211979463,59.34819072,0.395833333,-1
-1,29,13,5,22.22266402,4,6,11,1,24,3,6.56097561,11,6,7,17.55662188,83.58938407,3.986877443,68.15850222,1.265486726,-21
-1,18,5,0,19.69945355,15,4,24,5,7,4,12.57861635,10,8,19,12.74657534,88.8934134,-8.635344342,67.90837868,1.583333333,-3
-1,24,4,0,21.4003268,12,4,16,6,7,6,19.70588235,12,10,14,13.40048544,66.02330568,-4.545845509,80.4197085,1.133333333,-2
-1,32,12,0,19.87986464,11,2,23,8,29,5,13.82716049,23,13,14,18.04157044,67.52708692,-10.88776408,77.35623957,1.451612903,-2
-1,22,3,0,21.57920792,10,1,25,11,0,6,14.16751269,11,16,14,14.59090909,70.01573339,-8.898107873,100.4857547,1.7,-1
-1,23,6,0,20.41538462,9,2,15,3,16,9,15.27852349,11,13,16,15.70855615,83.54511853,1.181853928,86.26532786,1.217391304,-1
-1,26,1,2,19.73715415,5,1,32,6,2,15,14.32669323,4,19,20,16.75675676,42.88393137,-11.86303871,84.43504122,6,0
-1,16,5,3,22.81407942,15,1,32,16,0,15,20.11704312,0,12,12,9.287234043,85.10276143,6.150611136,64.22600724,2,0
-1,27,7,0,20.97063622,8,4,12,4,1,9,22.52475248,12,11,11,14.11192214,70.50375027,-41.00819318,75.43759509,0.637931034,-1
-1,22,9,0,19.9740458,10,3,32,7,0,13,17.06190476,19,12,16,10.50677507,68.44550202,6.563509375,66.10903269,0.857142857,0
-1,32,24,0,18.21604938,0,2,24,2,1,2,15.23376623,24,10,11,15.92379182,100.6544029,-2.451987258,88.62430384,1.12,-2
-1,30,9,1,23.92113565,1,2,9,2,0,3,14.86868687,3,17,14,15.78783593,72.01509256,-1.375659449,92.09925798,2.5,-8
-1,30,13,0,19.26279391,16,2,11,8,6,12,17.68170426,11,15,11,15.7076412,52.13796757,-38.99901767,75.69525723,1.658536585,-2
-1,31,7,0,22.13934426,5,5,9,4,2,4,20.44871795,1,13,14,13.23507463,56.48467086,2.198888951,75.36638171,0.697674419,-4
-1,32,8,0,20.46768061,4,2,2,0,5,8,23.77173913,2,14,15,13.21285141,107.1424856,-22.6725698,74.4125256,1.4375,-2
-1,20,4,2,21.97197898,11,1,32,12,0,12,9.5,0,16,10,16.11258278,105.7408886,7.3143137,99.50388141,1.733333333,0
-1,29,14,1,18.05269608,22,2,6,0,0,20,19.89536622,5,5,8,8.336538462,107.9984283,-48.37694157,70.60789571,3.161290323,-3
-1,32,11,0,18.43328551,12,1,26,20,5,1,12,0,12,9,10.74617737,69.53382151,48.36711276,90.8805282,1.347826087,-1
-1,32,9,1,21.49353448,1,2,9,5,5,4,19.78030303,8,13,18,11.80178571,68.78602041,2.212219388,63.75892538,1.166666667,-3
-1,32,11,3,22.38518519,3,4,1,0,0,3,13.85714286,0,10,15,15.38933764,96.49182459,-0.099892734,90.7934889,1.75,-9
-1,31,7,2,21.51550388,3,4,6,3,0,7,16.08583691,0,14,11,15.15944882,64.62198524,-2.249286999,90.44111151,1,-4
-1,28,17,2,19.16554509,17,3,12,7,0,10,18.90712074,11,11,11,17.81850534,56.67972797,-29.65344917,96.52577855,1.285714286,-2
-1,31,24,0,20.12456747,8,2,14,3,15,8,8.132075472,1,14,15,17.26681614,81.68376601,25.66926743,76.36602888,1.363636364,-2
-1,31,17,0,19.35392321,6,2,20,4,29,9,8.528239203,9,14,14,17.45647059,75.9900346,23.72808304,70.28104637,1.586206897,-1
-1,32,12,0,20.87871287,0,1,13,4,6,8,16.7601476,13,17,24,15.47903226,47.24028096,-9.392877211,76.69149584,2.363636364,-1
-1,24,8,0,23.29568789,7,3,19,3,7,4,18.09615385,19,19,25,17.29236499,73.9927246,-22.35874175,89.84562141,1.15,-2
-1,19,6,1,21.08255452,13,2,24,10,8,4,16.93288591,9,11,25,16.83246073,77.79822373,-10.15782188,124.7258573,1.68,-2
-1,23,8,0,21.25407166,9,2,21,7,9,5,20.81111111,10,14,19,13.75121951,82.31148721,0.516395003,74.30883998,1.583333333,-2
-1,28,8,0,21.91245136,5,6,8,4,3,3,24.47,8,8,11,15.20980392,68.40092272,-17.39757785,83.35402153,0.481481481,-4
-1,21,10,0,18.8251928,16,5,17,6,17,9,11.2233677,3,5,9,14.91463415,70.33024324,26.25128892,58.11872893,1.09375,-1
-1,32,26,0,22.47897196,6,2,13,4,0,0,0,12,14,27,15.26677852,78.90086877,-24.15877945,65.38352721,2.833333333,-1
-1,21,4,0,21.75897436,11,2,17,9,1,6,24.43814433,17,13,19,14.8405467,74.28786692,-53.6944443,83.49165893,1.25,-1
-1,26,12,0,21.93027523,7,3,14,2,2,7,15.50632911,12,10,13,15.35490605,77.45718507,-5.447369912,80.51704796,1.833333333,-4
-1,28,10,0,22.35959596,4,2,9,2,15,4,15.97777778,8,18,17,15.21361059,88.61551381,0.987103391,85.73697921,1.055555556,-2
-1,32,23,0,21.55063291,6,3,6,3,1,3,16.07317073,0,12,16,15.80181818,74.05369917,-2.883947107,112.6534512,1.12,-1
-1,32,18,0,17.46451613,23,1,28,21,0,0,0,27,6,6,15.13654618,115.2718827,-5.182900276,51.95725875,1.245283019,0
-1,32,22,0,21.21576763,8,3,7,4,21,4,14.20149254,2,12,15,15.00922509,61.73685339,7.006927329,101.8246381,1.125,-2
-1,29,18,0,18.21015515,10,2,16,5,3,15,17.77665996,16,10,14,14.09206349,40.28978584,-32.5397934,94.39469892,1.96,-2
-1,32,15,3,20.61596958,3,2,10,6,1,0,22.83333333,8,8,10,14.98795181,87.88855018,-2.738980016,89.85527653,1.583333333,-5
-1,32,18,0,22.55831266,7,3,4,2,4,3,14.03921569,1,20,18,16.08695652,77.65628136,2.433802422,104.2372051,1,-1
-1,28,10,0,23.91237113,3,2,11,2,19,5,13.34883721,11,16,16,16.39779874,70.47202197,-0.937504944,83.74269956,1.176470588,-1
-1,32,13,0,23.17622951,0,5,6,3,0,0,21,0,14,16,15.92051282,75.34583169,0.52894806,97.49111769,0.217391304,-6
-1,32,15,2,24.63896848,4,4,1,0,1,2,14.73846154,1,18,15,15.89037037,85.26511056,3.251474348,82.00872209,0.837837838,-8
-1,22,5,0,20.19241983,13,2,13,7,0,9,21.18649518,2,20,21,11.67751479,58.47113196,-1.632663422,66.04689087,1.352941176,-1
-1,32,8,0,20.46491228,6,2,19,9,2,6,19.33492823,2,13,17,12.09471366,52.93667643,9.515331173,93.83904694,1.533333333,-1
-1,29,27,0,20.54828151,9,3,11,3,8,2,5.878787879,7,9,20,16.07990315,91.30462159,4.321670409,95.86044357,1.36,-2
-1,32,15,0,20.49714286,0,2,24,8,1,2,18.72,24,14,13,17.52705411,80.81068751,-28.66481259,80.61399753,1.538461538,-2
-1,30,6,6,21.95731707,6,2,19,8,0,4,14.61643836,0,10,21,16.27819549,61.21208095,-1.096882243,96.40756968,2.710526316,-6
-1,23,5,0,20.53426791,10,2,15,7,0,7,20.78059072,2,21,16,12.7486911,54.17792824,3.232819824,76.38710562,1.117647059,-1
-1,29,14,0,18.97544338,15,2,15,11,6,9,17.76433121,15,13,12,16.45017182,42.02602709,-34.2433958,73.40902918,1.31372549,-2
-1,30,8,0,22.30232558,2,2,20,6,4,4,19.42038217,8,14,15,14.59709619,70.25135622,-9.255384534,90.21153422,1.45,-1
-1,20,13,3,20.92459016,11,4,32,10,8,11,12.51174935,1,8,12,16.93236715,80.03414315,-5.219094961,80.77320358,0.614285714,0
-1,31,25,0,19.67787611,0,2,11,4,18,8,8.996282528,6,14,14,16.84749455,73.44096525,20.09806295,70.34711246,1.424242424,-2
-1,22,7,0,18.93107932,15,2,29,14,31,5,11.72067039,21,13,9,15.07058824,54.39163399,15.19921569,57.03815456,2.821428571,-1
-1,32,19,0,21.30555556,9,2,6,2,7,6,22.18018018,6,15,14,14.61923077,81.12955251,-19.15367604,85.41655325,1.619047619,-2
-1,32,22,0,18.86311787,0,2,9,7,1,9,15.73648649,2,16,16,15.562249,37.86840938,-1.240463863,117.7521492,2,-1
-1,17,3,0,21.25198098,14,3,13,4,3,10,21.18934911,4,8,18,13.45547074,71.38823819,-29.21505481,86.26837338,1.171428571,-1
-1,32,19,0,19.43137255,7,2,7,3,12,3,16.64957265,0,15,14,14.91019417,97.35611273,1.074582901,97.74193491,1.032258065,-2
-1,26,5,0,21.73260073,5,2,19,9,23,5,13.29239766,16,14,26,17.05648536,56.22051435,-4.87186849,109.5177299,1.583333333,-1
-1,25,7,0,22.11721612,9,2,22,9,17,6,14.22797927,11,22,15,14.79497908,64.21309588,-1.711839779,96.85754801,1.714285714,-1
-1,26,5,0,21.39572193,7,2,19,9,22,5,14.52325581,13,15,26,16.50971922,53.09211686,-9.225177148,111.2045492,1.52,-1
-1,28,3,0,21.56127886,7,2,12,3,4,12,16.8553616,11,19,20,14.72017354,73.34539175,-8.831993074,100.843606,1.263157895,-1
-1,28,5,0,22.16322702,5,2,15,3,1,10,17.67806268,13,19,21,14.50305499,75.47093301,-12.37529295,93.85487865,1.315789474,-1
-1,30,12,0,19.81228669,2,2,15,5,1,12,17.22029703,15,13,15,15.42922374,46.16857447,-28.71555013,97.92535602,2.357142857,-2
-1,26,8,1,23.73696145,7,3,17,4,9,5,6.219101124,12,22,22,19.13722127,86.77509422,-1.404849819,48.93142761,0.596774194,-5
-1,31,14,0,20.78666667,11,3,25,5,2,7,22.11740891,25,17,22,14.17835671,61.21379432,-26.88790406,93.25676604,1.16,-1
-1,32,13,0,19.5046729,3,3,19,7,3,6,15.42396313,0,12,12,15.13496933,46.37921387,2.208287854,96.26808185,1.37254902,-1
-1,32,28,0,17.92625369,22,2,5,2,29,16,12.04046243,3,13,13,18.63583815,52.7790855,30.69203782,79.51478499,1.631578947,-1
-1,32,13,0,18.85867621,0,2,12,8,28,8,14.1402214,0,19,15,15.85806452,33.57583998,14.27778009,108.1648006,1.8,-1
-1,27,6,0,21.97888676,6,2,9,2,10,2,15.27586207,8,16,17,15.89860835,100.813892,0.214450869,88.37739369,1,-2
-1,25,12,5,20.17765043,15,3,23,10,5,7,19.32900433,23,6,9,17.31288344,81.32520042,-16.85925327,66.14136776,1.84375,-3
-1,27,4,0,20,8,2,15,7,0,10,20.68292683,1,19,16,12.79459459,46.56435354,-23.90504018,91.76861943,1.5,-1
-1,27,5,0,23.53421634,5,2,27,4,19,6,12.15463918,27,21,20,17.52189142,76.53641106,-1.254415856,65.34234038,1.55,-2
-1,25,6,0,23.53111111,7,3,9,3,12,4,9.064748201,6,20,21,16.41811847,76.59090495,25.11177142,73.173609,1.851851852,-4
-1,31,26,0,18.08,0,4,28,4,27,7,12.72839506,2,10,8,15.85021097,53.22697573,17.43650412,94.78979953,0.972222222,-1
-1,32,10,0,23.09550562,0,2,18,5,20,3,8.263157895,8,19,24,17.63922156,64.24688049,7.350115637,85.56295269,1.4,-1
-1,30,7,2,23.61173184,1,2,18,3,0,4,13.86259542,0,17,18,15.77327327,68.33347988,2.01570264,96.34348989,2.3,-6
-1,26,5,0,20.51816746,8,3,15,7,0,5,21.41269841,7,20,15,13.74936061,53.53918407,6.163192287,76.90393182,1.19047619,-1
-1,30,18,4,20.06881406,15,3,14,9,13,9,16.41156463,14,10,11,17.92082111,58.02222203,-24.37815292,72.07290959,1.447368421,-3
-1,27,8,0,24.21705426,4,4,22,4,0,4,11.95597484,5,15,17,15.81946625,74.21359936,7.168704361,94.82612028,1.529411765,-4
-1,31,21,0,20.858473,10,2,14,4,7,7,21.63900415,14,15,15,14.40246407,70.4551691,-20.67888721,89.09880296,1.074074074,-2
-1,32,11,0,22.84262295,1,3,12,3,15,4,14.33098592,12,25,25,15.71210014,57.6783974,2.08440482,66.38860185,0.918918919,-3
-1,32,21,0,18.7022792,17,2,7,5,5,9,21.1607717,0,9,9,14.69254658,57.44361714,-28.8082057,112.1073358,1.045454545,-1
-1,32,18,0,19.63739837,14,2,6,4,6,10,20.75820896,2,12,12,13.17603912,72.20903749,-25.75460453,87.69028162,1.120689655,-2
-1,29,9,0,21.13877551,2,2,11,6,5,7,21.42857143,11,19,20,13.74157303,48.71521904,-9.26907377,62.68976981,0.943396226,-1
-1,27,9,2,21.88720174,4,1,32,10,12,6,14.77927928,15,14,15,15.339254,50.04329761,2.791153078,83.97904527,2.222222222,0
-1,29,7,0,21.65517241,4,2,16,4,18,5,11.74719101,16,15,14,16.62948207,82.44104459,3.055054682,73.73522642,1.421052632,-2
-1,23,12,0,19.0994695,14,7,20,5,22,11,12.33144476,3,4,7,14.45185185,67.84192044,28.48060357,57.14397805,0.330645161,1
-1,29,6,2,24.70779221,2,3,7,2,0,3,13.95041322,0,25,18,15.45949721,70.4217643,4.014719422,91.32936511,2.266666667,-8
-1,27,4,0,24.5261708,4,2,11,2,1,4,14.29577465,3,11,30,15.08320726,69.28409484,2.927449127,105.4771915,1.368421053,-3
-1,31,5,0,24.28246753,0,2,15,3,19,3,15.58267717,15,23,24,15.30446927,68.24857994,-1.497807497,69.46037109,1.631578947,-3
-1,29,6,2,21.67330677,3,2,32,6,0,9,16,0,13,18,14.75670498,53.941325,0.842258628,106.5250987,1.105263158,-2
-1,32,16,5,20.0504451,14,4,14,8,1,11,17.14005602,14,11,11,16.20571429,64.92673469,-12.32538776,105.3062531,0.676923077,-4
-1,32,15,1,20.05384615,0,2,22,9,20,4,13.90909091,22,18,23,17.25992063,56.60613505,-7.846686823,63.38680634,1.444444444,-2
-1,20,13,0,19.74643875,11,3,24,7,20,5,16.40555556,2,10,14,12.33850932,84.13170788,30.64349369,65.85124995,0.961538462,-1
-1,25,23,5,20.73178808,7,6,12,4,7,3,5.401709402,12,7,8,17.75714286,74.32174603,3.533809524,68.76006803,1.274336283,-24
-1,32,7,0,20.65583174,8,2,21,7,27,3,13.80555556,21,14,15,17.56886228,69.3370624,-14.75972606,79.64645559,1.391304348,-2
-1,32,15,0,19.1008,13,2,6,4,8,10,20.49854227,1,11,10,13.32330827,71.89662125,-25.16486705,90.64985773,1.166666667,-2
-1,30,9,0,23.75749319,1,2,12,2,6,2,14.30337079,12,24,17,15.51445967,77.19213991,-2.156089786,79.22391573,1.733333333,-3
-1,31,16,0,20.13513514,11,2,15,3,18,9,8.198697068,5,14,14,17.63425926,82.43001972,31.92903378,73.37549297,1.434782609,-2
-1,21,5,0,20.79598145,11,3,21,9,25,6,16.1040724,9,13,25,15.67108753,60.58563699,-5.500608602,124.1305434,1.571428571,-2
-1,26,5,0,20.46165884,11,2,24,13,20,4,15.52054795,9,14,13,15.02077922,62.13439029,-4.618721538,105.552815,1.7,-1
-1,22,5,0,19.73195876,9,3,10,4,2,12,16.85824742,9,12,19,13.08405797,44.06902752,-15.86861584,89.72336904,1.315789474,-5
-1,8,3,0,17.67349261,23,2,32,13,7,8,22.27838828,16,7,14,12.04827586,63.2344352,-16.71619501,60.37697979,1.705882353,0
-1,19,5,2,21.84757119,12,3,32,10,3,13,18.43023256,1,10,12,11.58782201,70.01036588,-5.121741467,65.19779081,0.945945946,1
-1,21,5,0,19.95189504,12,3,27,4,6,6,9.276699029,4,14,14,14.83136095,100.5554077,20.65801267,62.29404608,0.933333333,-2
-1,14,4,0,19.39084967,18,3,32,8,9,16,19.77777778,13,13,13,10.08108108,70.6536277,-34.99029531,76.3370552,1.458333333,1
-1,32,19,0,21.3800738,0,2,3,1,25,2,9.323529412,3,19,20,15.30942895,86.20392622,7.116123377,90.67583407,1.052631579,-2
-1,27,14,7,21.91666667,5,8,32,3,15,5,15.66285714,2,6,6,16.35123967,84.32174629,1.096006079,60.88902739,1.455357143,-21
-1,32,22,0,18.19417476,0,1,15,7,29,8,13.40520446,15,19,19,16.88408644,32.60949278,10.65712654,94.69579784,1.714285714,0
-1,32,17,1,19.26614173,17,2,19,10,22,6,14.49246231,19,12,24,15.72236504,53.46859986,-1.00539251,62.91520675,1.388888889,-2
-1,25,8,0,20.95461912,11,2,24,12,18,4,15.94520548,7,13,14,14.48894349,68.7197508,2.881369643,97.56191707,1.761904762,-1
-1,32,18,0,20.61940299,0,2,2,1,6,11,19.17183099,0,16,27,13.51286174,57.29535726,-24.0550992,88.18874133,1.117647059,-1
-1,32,13,0,23.140625,2,4,1,0,0,1,14.9047619,0,11,12,15.43181818,91.742244,1.074186467,92.1402376,1.487179487,-13
-1,32,9,0,19.68341709,0,1,18,9,3,2,18.35483871,13,19,19,15.00479233,40.21923517,-4.045246456,83.12937,1.941176471,-1
-1,32,20,0,20.68549906,15,2,6,4,4,9,21.20198675,1,13,14,13.28397566,65.5027011,-23.98820402,93.05931726,1.045454545,-2
-1,30,11,0,21.99604743,6,3,8,2,2,7,17.08119658,7,11,15,14.77606178,70.98409758,-9.784067023,89.69888642,1.454545455,-3
-1,30,6,0,21.73491773,7,2,10,5,1,9,21.56164384,0,21,27,13.26205451,59.14094467,-22.09724914,87.43866496,1.5,-1
-1,32,23,0,19.74028269,6,2,4,3,29,11,10.88297872,3,19,14,18.34061135,57.10398829,24.25941534,85.62197517,1.523809524,-1
-1,32,12,0,20.16853933,0,1,13,5,7,8,14.66666667,12,24,20,15.5388601,43.57798121,6.983793748,75.59218592,2.166666667,-1
-1,21,4,0,20.60126582,10,2,21,11,0,6,22.9375,5,16,24,13.23469388,52.05356492,-22.37049667,90.63879633,0.75,0
-1,30,8,0,22.28542914,7,3,15,5,13,6,15.01005025,15,13,15,15.94455067,59.56972021,-0.428236129,56.60304392,1.03030303,-2
-1,28,2,1,27.86956522,3,2,32,4,1,5,8.583783784,5,21,22,17.32068543,80.75397198,-0.472899179,76.29618166,6,0
-1,16,5,1,19.03164557,19,2,32,14,30,11,17.26912181,24,8,6,20.63247863,74.85486522,-0.987836949,56.49740668,0.151724138,1
-1,26,9,0,20.89243697,8,2,18,8,1,7,21.10204082,3,12,21,10.93939394,52.63707543,-5.112029385,88.89609381,1.647058824,-1
-1,28,10,5,22.67586207,3,2,16,3,0,6,15.64795918,0,22,17,15.4040747,61.40799202,-0.930038827,93.49716506,2,-7
-1,31,24,0,19.63809524,10,3,5,4,23,6,15.07179487,0,9,9,15.81218274,73.87904867,0.635857662,111.7769074,1.28,-2
-1,26,5,1,19.42771084,7,2,15,8,7,9,14.50825083,12,12,19,16.04722222,35.32333333,-1.505185185,77.38943673,1.692307692,-1
-1,31,12,0,19.13014827,0,2,16,6,2,11,18.25531915,16,14,14,14.8177458,41.19087464,-27.60263156,94.00515271,1.807692308,-1
-1,20,3,0,20.31762918,11,2,15,8,29,8,10.89453125,15,15,13,18.8579235,47.14536116,-1.225536743,69.82134432,1.046511628,-2
-1,32,27,0,20.44230769,0,1,4,3,1,6,17.96059113,4,22,31,15.16151685,55.15769592,-14.05920378,92.91632804,4.6,-1
-1,27,6,0,24.31463415,5,2,22,5,5,2,17.81818182,6,14,27,15.57491857,80.04952042,-4.056279112,94.68086929,1.473684211,-2
-1,32,23,0,19.63833333,13,3,5,4,23,5,13.5359116,0,10,9,15.29481132,72.99158397,4.088393334,112.7786523,1.171875,-1
-1,31,12,0,22.80538922,0,2,12,1,0,1,23.32352941,0,16,14,14.93188406,99.67487713,-0.914108381,84.12434573,1.3125,-5
-1,23,6,0,20.86833856,10,2,21,11,25,6,14.53608247,14,14,24,16.36787565,59.40197723,-2.298531504,119.1030095,1.6,-1
-1,9,2,2,19.19974555,22,4,32,23,1,23,17.49391069,0,5,5,11.93277311,84.81604406,-6.202351529,106.0963209,0.933333333,-2
-1,22,6,2,22.70392157,9,1,19,7,27,8,17.97426471,5,11,30,15.72373541,61.40580857,-14.13279535,126.3633666,1.192982456,0
-1,21,6,0,19.45021038,11,2,32,11,28,19,16.01112878,4,11,12,15.87459807,49.39541568,21.01785548,133.1707695,0.857142857,-1
-1,32,24,0,20.46808511,0,3,12,4,3,8,22.10902256,12,21,20,13.38658777,58.9136546,-24.52754533,88.06751242,1.153846154,-2
-1,30,5,0,20.99818182,3,2,12,5,1,9,20.45396825,3,20,20,13.1835443,48.94295786,-20.46739305,88.11610052,1.333333333,-1
-1,29,8,3,24.92971246,2,3,17,3,1,2,15.13253012,0,25,18,15.63150492,74.24703227,0.147220392,89.65042797,2.344827586,-11
-1,32,20,4,18.82622951,0,1,24,19,1,0,0,18,12,11,15.4178744,76.61268641,0.989498005,103.2577481,2.352941176,-1
-1,17,8,0,20.14756447,15,4,18,8,0,5,17.60795455,0,14,14,13.61042945,61.21943807,-0.256624261,118.7347379,0.3,-1
-1,32,6,2,24.91693291,1,2,0,0,0,3,13.27678571,0,18,18,15.49226442,79.44009843,4.035092509,92.94192328,1.068965517,-6
-1,32,21,0,19.20689655,0,1,9,6,1,7,15.4497992,2,18,19,15.62142857,41.08193878,-0.52494898,112.6566837,2.071428571,-2
-1,16,7,0,22.29604131,15,2,29,8,2,7,24.50655022,29,6,16,15.87133183,77.81130095,-36.97395656,53.77802689,0.709677419,0
-1,32,25,0,20.13461538,5,2,2,1,15,4,17.25657895,1,17,16,14.9484127,90.78482851,-3.17481576,94.55289431,1.04,-3
-1,31,5,1,28.10731707,3,2,15,2,0,3,20.20909091,15,14,16,15.26007326,83.01949875,-4.138921315,89.20830818,0.540983607,-2
-1,32,26,1,18.86175115,18,2,5,4,1,10,20.26224784,0,10,10,13.13404826,66.26247583,-26.42143622,97.02224554,1.25,-1
-1,32,16,0,19.4275,0,1,11,8,28,4,12.97916667,5,22,24,16.33012821,42.08801518,2.713639259,101.2243487,2.454545455,0
-1,22,6,0,17.73776224,22,2,30,6,0,12,20.7375,29,6,13,16.19277108,78.55236609,-34.15023951,75.07127304,1.6,0
-1,29,12,0,19.68118467,3,2,9,2,15,3,15.98095238,9,13,13,15.59111111,102.3760444,-2.632177778,81.41058765,1.428571429,-2
-1,30,24,0,19.37578616,9,2,10,3,17,9,8.741721854,3,13,13,17.06185567,87.56974705,24.53616219,72.92916357,1.636363636,-2
-1,31,17,0,19.02828619,0,2,16,4,3,13,18.10786517,16,14,15,14.28132388,40.83526986,-30.98651979,86.47641243,1.866666667,-1
-1,32,22,3,22.68206522,0,4,8,0,2,4,14.82089552,8,12,12,15.93597561,89.19883765,-3.945693598,85.09651063,0.8,-6
-1,32,28,0,18.20327869,4,5,3,0,0,0,0,2,9,7,16.10628019,89.68325982,4.468984107,89.82928423,0.41025641,-1
-1,31,5,0,17.98895706,15,2,1,0,4,13,19.64252336,0,9,8,13.69856459,67.84940821,-11.64316293,102.4880841,1.053571429,0
-1,32,3,0,23.22135417,2,1,3,0,9,10,13.51764706,3,22,23,17.00625,79.35875,-0.7725,54.22183594,3.444444444,-1
-1,23,5,0,21.40163934,10,2,21,9,25,6,15.24545455,10,14,25,16.59178744,64.67112418,-0.649116665,126.6763577,1.6,-1
-1,21,6,0,20.43438914,11,1,21,12,0,7,22.51836735,2,12,19,10.24376731,57.50035681,-4.607906631,84.93226725,1.75,0
-1,28,13,0,20.09538003,10,8,23,2,13,3,7.302083333,23,6,6,19.02266289,90.67985459,10.55511239,66.23744673,0.380952381,-5
-1,32,12,0,18.50588235,0,1,9,5,28,10,14.1257485,8,20,19,16.21206226,32.65616815,13.0323207,92.11261715,2.8,-1
-1,32,15,0,20.44383057,5,2,9,3,10,2,17.15730337,9,15,15,15.26611227,88.3328478,-4.975147065,101.5549639,1.083333333,-2
-1,32,14,1,19.96401515,1,2,21,10,22,3,14.01652893,21,17,24,17.1875,55.57594628,-8.897933468,63.30556956,1.481481481,-2
-1,32,21,0,19.54061625,0,1,5,3,27,7,14,5,23,25,15.93853073,45.17911659,9.186001452,91.84479724,2.7,-1
-1,26,5,0,21.66024518,7,3,29,6,0,5,20.37575758,29,9,21,15.86754967,73.03239137,-27.19953803,68.816894,1.034482759,0
-1,27,14,0,18.36191677,15,4,9,1,0,10,22.29051988,0,7,6,15.0995671,71.84138228,-23.67168906,82.600476,0.543478261,1
-1,32,27,0,17.37678571,1,2,28,16,1,0,11.94736842,28,16,14,14.92887931,37.99581971,16.41512151,86.07899357,2.884615385,-2
-1,32,19,0,20.13868613,0,2,3,1,25,2,9.597826087,3,14,17,15.4274062,88.71067597,10.14642506,90.9135719,1.055555556,-2
-1,32,21,0,21.05845511,0,2,5,2,8,8,21.82042254,5,15,15,13.42201835,71.81194849,-23.65923744,83.23841427,1.421052632,-3
-1,26,5,0,20.84717608,5,2,11,3,17,8,14.17770035,11,15,16,15.6943128,81.73093596,5.487960738,94.12693448,1.142857143,-1
-1,32,14,0,23.81673307,0,4,1,0,0,2,15.73134328,0,17,23,15.73997413,83.13082043,-2.324488016,87.35412005,1.605263158,-17
-1,32,10,0,19.29668412,3,1,14,6,27,11,13.41909814,9,24,17,16.67405765,37.07979803,21.86688364,82.24631147,2,-1
-1,31,12,0,20.81067126,7,2,18,10,1,5,21.4,2,13,19,10.85778781,61.36250376,7.220215135,81.23711204,1.642857143,-1
-1,25,5,0,21.87318841,7,2,19,7,24,6,15.64573991,10,14,24,16.16101695,58.7406636,-0.832268026,112.2071244,1.666666667,-1
-1,32,16,0,20.68987342,0,2,7,3,7,9,20.59259259,4,17,16,13.56363636,65.80794711,-20.54300826,78.4968595,1.173913043,-2
-1,30,10,0,19.58626761,1,2,18,5,3,11,18.28108108,18,14,16,14.79385965,40.63940828,-28.11209218,90.02768159,2.142857143,-1
-1,28,11,0,23.22678186,3,2,10,2,9,3,15.19266055,10,18,19,15.86096257,92.61734679,-1.169902866,85.38530317,1.052631579,-2
-1,32,16,3,21.39626556,4,2,24,9,1,2,14.40449438,20,10,10,16.68081181,64.15387862,-6.250452744,94.61214104,1.709677419,-3
-1,32,17,0,19.2238806,0,2,4,2,0,2,15.0106383,0,10,10,15.78688525,92.69668352,-0.972621607,99.88900833,0.916666667,-2
-1,29,7,0,22.16891892,2,2,17,4,25,6,10.56862745,10,18,23,17.56724138,59.06966706,11.7177824,85.12134067,1.052631579,-2
-1,27,9,0,20.73778502,7,3,13,2,12,3,13.65346535,12,15,16,16.33414634,97.99005949,4.199958358,90.41273647,1.115384615,-1
-1,27,18,0,21.01420959,5,5,23,2,12,2,14.76470588,23,13,15,16.62472885,88.85978327,-2.362684158,64.62055985,0.5,-3
-1,32,17,1,20.03296703,0,2,25,10,0,0,30.125,25,14,15,18.07949791,105.0379414,-28.26372087,72.36188092,1.625,-2
-1,32,18,2,18.67924528,17,3,0,0,24,17,12.85191638,0,6,8,18.9787234,86.73121322,52.41021578,98.88607213,0.298507463,-1
-1,32,14,0,19.58823529,0,2,2,0,2,14,19.32409382,2,15,22,12.99798793,65.34382958,-40.98323948,98.10261165,1.416666667,-1
-1,29,11,0,18.91111111,19,3,29,22,0,1,24.8974359,29,7,11,23.32818533,85.01605522,-51.02119825,70.3054218,2.909090909,0
-1,29,19,7,21.58768657,4,6,12,2,10,2,5.294736842,6,10,9,17.37704918,88.85978232,2.61498925,70.86603064,1.318181818,-25
-1,31,5,0,21.04089219,2,4,9,4,1,5,20.3258427,0,12,15,12.29218107,56.28155007,1.354976376,68.65537096,0.694444444,-2
-1,32,16,0,25.41826923,0,3,2,0,0,1,15.78571429,2,19,25,15.76102941,87.31708958,0.345768454,88.21127541,1.69047619,-16
-1,32,12,0,20.8407767,1,3,22,11,12,3,15.88392857,22,16,22,17.82711198,52.90011232,-28.89625252,71.37286023,0.857142857,-2
-1,32,22,0,19.46790541,15,2,3,2,7,11,20.27368421,1,12,13,13.53240741,79.10748885,-29.09295696,87.54061643,1.277777778,-1
-1,30,18,3,20.0941358,12,3,14,9,16,6,11.97716895,14,17,14,17.9787234,55.93379357,-15.17722952,67.24954731,1.659090909,-5
-1,30,10,0,22.87835052,5,2,8,2,0,4,15.81818182,8,13,14,15.0742115,86.07030129,-4.737148089,93.42306408,1.533333333,-3
-1,18,9,0,20.12305516,14,4,12,3,13,3,14.43636364,12,12,12,16.03154574,80.55799142,1.222790554,91.04001433,1.017857143,-1
-1,32,18,0,21.47798742,9,3,6,4,1,3,12.78070175,2,16,17,16.19926874,74.68509303,0.322122663,105.3661421,1.16,-2
-1,30,15,0,19.51223242,5,3,22,11,20,5,15.17073171,22,13,18,16.40810811,51.17008035,-10.05481373,59.12263696,0.682926829,0
-1,11,3,1,18.73612824,21,1,32,15,23,19,15.40806452,10,5,5,15.53051643,65.30119685,24.56390928,86.57770725,1.512820513,1
-1,31,12,0,19.97398374,12,2,6,3,30,11,10.73913043,6,19,22,18.77506112,64.04216857,21.63356867,81.450625,1.7,-1
-1,30,17,1,20.20190476,1,1,32,14,2,4,12.84090909,16,19,19,16.18837675,52.84567532,-12.2297059,86.87433384,3.272727273,0
-1,32,8,0,26.35869565,0,2,0,0,1,0,15.33333333,0,27,27,15.52575107,84.07465601,-0.602622078,87.26650426,1.509433962,-8
-1,29,10,0,23.18202765,2,2,12,3,12,4,16.73509934,12,19,20,15.22711864,75.83223499,-5.223062338,76.32468831,1,-3
-1,27,7,0,19.9752322,8,2,15,3,17,6,14.31308411,15,14,14,15.84656085,90.95972257,0.752778478,95.72248817,1,-1
-1,32,25,0,18.89637306,0,2,10,2,28,3,16.67307692,0,14,16,15.75548589,81.24205983,6.032930101,88.85243856,1,-1
-1,32,10,0,22.98283262,7,2,0,0,13,4,10.50649351,0,19,17,15.44086022,82.82285685,6.264500713,41.50815123,0.764705882,-3
-1,32,6,0,24.88256228,1,2,12,3,0,3,20.49586777,0,21,26,14.43741588,65.82902967,-6.480011738,80.54756371,1.448275862,-2
-1,32,15,0,17.99668325,0,3,16,9,30,9,14.09570957,16,15,16,16.44655582,28.95450827,10.73973291,95.58206058,1.913043478,-2
-1,32,21,0,21.17964072,6,2,5,3,20,4,15.78787879,0,12,11,15.29636711,78.98555546,1.824252639,100.3767937,1.130434783,-3
-1,24,7,0,21.63931624,8,2,22,4,19,7,11.78297872,22,15,19,16.74259681,85.51126239,2.552576004,69.63533813,1.590909091,-2
-1,32,17,0,19.62348877,14,2,4,2,21,13,11.50900901,0,14,11,18.59101124,63.97932584,32.62426966,105.4641889,1.071428571,-1
-1,30,21,4,20.23506744,3,3,11,6,8,7,21.15879828,0,16,19,13.21782178,43.59436918,-4.627487501,72.63770219,0.972972973,-2
-1,26,10,0,21.2725724,6,3,22,4,10,7,14.25833333,0,13,13,12.55148741,73.24551105,25.59163006,74.10547262,0.90625,0
-1,32,19,0,18.84955752,0,1,12,5,28,8,13.67605634,12,21,22,16.79895105,37.04518558,6.677649274,96.05223666,2.916666667,-1
-1,29,8,0,20.60032362,9,2,22,12,18,5,15.68518519,13,13,13,15.22167488,61.07348516,-5.080103861,96.35480114,1.785714286,-1
-1,18,1,2,23.29389313,13,1,32,14,0,13,13.63302752,0,10,14,16.462,84.138924,-11.042412,129.268556,0.7,0
-1,32,15,0,19.1630972,4,2,20,11,20,5,16.01197605,18,17,22,15.07434053,48.43660036,-3.490652083,62.31341833,1.5,-2
-1,31,25,0,19.1380814,11,4,2,1,29,12,6.994818653,1,7,8,20.52678571,97.99382618,24.75635098,57.88023491,0.863636364,-2
-1,25,6,0,22.14922481,6,3,10,4,25,5,10.47126437,6,18,20,16.15551181,66.27712118,24.90003643,74.96203655,1.756756757,-1
-1,31,14,6,21.71561338,5,7,13,2,16,3,7.160714286,13,6,8,17.31481481,81.01265051,2.069044353,66.82887517,1.309734513,-22
-1,32,22,0,21.048,9,2,4,2,6,7,23,4,14,14,14.08969466,85.18801352,-21.49854321,85.36027548,1.571428571,-2
-1,28,7,1,22.63390663,3,1,20,3,5,8,20.11538462,20,17,17,15.65964344,66.00935147,-15.50745884,61.30068901,1.75,-2
-1,29,22,0,18.66171617,2,2,28,6,30,11,12.37400531,12,15,16,15.77751196,38.9898354,16.98930885,75.82370481,1.333333333,1
-1,32,15,0,18.47632312,12,2,13,9,0,9,19.98986486,8,13,12,15.20915033,47.45052117,-15.85462856,80.15887052,1.136363636,0
-1,30,6,0,22.14595661,4,2,14,3,5,9,16.96219931,11,22,19,15.22243714,71.33490716,-8.15990557,93.03175963,1.181818182,-1
-1,29,13,5,22.10444874,4,6,32,2,24,4,5.977777778,11,6,7,17.50887574,85.17975172,4.01977055,67.20061156,1.283185841,-21
-1,29,13,4,21.08688525,10,3,23,11,2,6,19.93809524,23,12,13,12.19565217,66.26113212,3.806290695,55.40374921,2.375,-4
-1,32,20,0,20.28174603,0,3,11,7,1,0,14.57894737,11,17,16,15.24230769,67.9218787,-16.77045858,110.9489793,0.821428571,-4
-1,25,11,2,23.02115385,10,4,32,4,1,6,12.75362319,26,12,10,14.66071429,87.07649518,3.133609694,60.7598852,1.170212766,-4
-1,31,6,0,22.85649203,3,2,11,4,20,3,14.01694915,11,24,18,15.92478632,68.92270874,-2.694744686,80.93451384,1.5625,-3
-1,32,22,0,20.05793451,0,2,5,4,21,2,14.33707865,0,13,13,15.70653907,69.91400278,0.459500571,93.57257287,1.111111111,-3
-1,21,9,3,21.87387387,10,3,32,4,11,9,12.53605016,8,12,12,18.49466951,71.38966453,-4.75030119,88.89815922,0.836363636,-2
-1,32,21,2,22.18219462,7,4,6,0,7,0,14.47826087,6,10,11,14.40295749,94.21411708,-0.0607829,92.24058275,0.639344262,-6
-1,29,16,0,22.4966443,2,4,22,2,7,1,17.92982456,22,18,16,16.67417678,90.23760622,-7.07371842,69.06541635,0.72,-4
-1,32,5,0,21.3109405,4,3,10,4,0,4,20.66013072,0,13,16,12.36779324,59.10990518,4.0059405,69.07148758,0.675675676,-2
-1,24,10,0,21.74028269,7,3,24,6,17,6,11.84210526,24,14,15,16.15065502,80.11260273,1.02425583,96.67380961,1.619047619,-1
-1,32,9,0,19.07535322,15,3,19,9,21,7,14.29045643,19,13,22,16.99224806,47.33158397,-1.31528554,59.16014663,1.272727273,-2
-1,13,6,0,18.86142322,18,3,32,8,12,13,8.971563981,2,16,14,21.82959641,75.99457057,11.56268978,45.18172495,0.886363636,1
-1,7,2,0,18.05581395,24,2,32,24,4,22,18.64924347,3,8,7,4.158536585,85.06082689,14.22977394,9.023646639,0.049568966,0
-1,21,8,0,22.87090559,10,2,22,6,19,6,12.01970443,14,25,14,16.0039604,74.71787472,11.81085776,85.82176649,1.661290323,-1
-1,27,5,0,22.28080808,5,3,13,4,1,6,25.12616822,13,11,24,14.536862,73.7616861,-35.43331034,78.81196822,1.125,-2
-1,27,11,0,21.47627417,9,4,15,7,13,6,15.33175355,14,11,14,15.9032967,58.13822485,1.036652578,55.84559353,1.060606061,-1
-1,32,20,0,19.54356061,2,2,7,5,10,2,14.75862069,1,14,15,15.77419355,80.82693402,0.050533299,96.88046306,1.222222222,-2
-1,26,6,0,20.68327974,8,2,12,3,17,6,13.81642512,12,14,15,15.73134328,91.1089082,3.21003193,98.81339571,1.083333333,-1
-1,32,10,1,22.11976048,8,2,14,4,21,10,10.97289157,14,14,15,19.82982792,69.85781398,20.64565366,74.03413898,0.951219512,-1
-1,32,16,4,19.84,15,3,17,6,2,10,16.909375,5,7,7,11.81481481,67.81606272,0.940214906,46.7558299,0.880952381,-5
-1,32,21,0,20.54478976,11,2,8,4,8,10,20.8018018,3,16,13,12.47169811,61.52201258,-17.96226415,79.82152605,1.043478261,-2
-1,31,15,0,21.1761194,0,2,30,6,1,3,19.07017544,30,19,25,15.74455733,50.53307522,-6.834340592,78.57335572,1.3,-2
-1,32,8,0,20.44962687,9,2,21,7,29,4,13.34883721,17,14,14,18.07581967,71.17030032,-13.43421627,80.02498908,1.387096774,-2
-1,32,13,0,21.0438247,9,2,8,3,8,7,21.49137931,8,14,15,14.5,68.72901161,-19.96168582,81.42624521,1.5,-2
-1,12,2,0,19.66801075,19,1,24,10,0,12,21.08142494,24,6,32,15.48571429,59.69178571,-66.16285714,82.27836735,2.083333333,0
-1,30,12,0,20.5040783,11,2,13,8,16,9,16.32258065,13,17,14,16.91484185,54.13845525,-21.6798089,63.28471889,2,-2
-1,32,18,0,20.14028777,7,3,7,4,11,9,9.971786834,7,20,22,18.32905983,61.10583315,20.69650815,75.3660786,1.40625,-2
-1,27,5,0,21.45863309,5,2,17,7,1,8,20.5984556,3,12,24,11.48504274,54.56126726,-5.685555008,88.41644295,1.555555556,-1
-1,31,19,0,23.19887955,1,2,11,2,5,3,13.69672131,11,26,25,15.7856072,73.26939529,0.882442587,82.72315117,1.785714286,-3
-1,19,4,0,20.7693475,13,2,15,6,28,6,9.594470046,15,17,16,16.95890411,60.2115669,5.578044661,63.92981798,1.095238095,-2
-1,29,16,1,20.06749556,2,2,32,14,2,4,14.57534247,18,18,18,15.80043384,50.44631825,-16.24956122,86.65431651,3.083333333,-1
-1,31,22,6,20.52640545,4,6,12,3,7,3,6.133333333,12,9,6,17.57894737,73.32728349,1.929663977,66.90280621,1.286956522,-28
-1,32,21,0,18.94423077,0,1,9,7,27,9,13.76689189,0,18,17,16.76190476,37.40494693,8.893613001,112.8163265,2,-1
-1,31,6,1,22.90740741,3,2,14,3,11,7,17.05932203,14,20,19,15.48648649,65.56989306,-7.756619795,73.48292549,1.111111111,-2
-1,10,2,0,19.69893899,21,1,32,19,0,18,16.93843594,29,5,6,15.57777778,84.19506173,-8.569135802,125.3920988,0.24025974,0
-1,31,6,5,22.03198294,3,4,19,7,0,5,15.92771084,0,13,20,14.73873874,55.27155263,4.874766659,95.382193,1.784615385,-6
-1,32,11,0,23.06624606,0,2,7,2,0,1,15.71052632,0,20,17,15.21782178,86.2983461,-1.838083101,102.314647,0.608695652,-2
-1,31,10,0,23.7696793,1,1,19,7,1,3,18.62626263,9,24,18,14.77386197,62.41478693,-5.44536949,88.83285572,1.692307692,-1
-1,30,8,0,21.54356061,6,2,10,3,1,7,16.38735178,10,13,15,14.9375,60.4556289,-6.894909274,91.80859375,1.24137931,-4
-1,26,5,0,21.08591065,8,2,13,6,2,9,19.68686869,4,20,24,13.90950226,51.62787412,-14.65556602,78.79724002,1.4,-1
-1,32,21,0,18.37229437,16,2,6,5,5,9,21.96226415,0,10,9,13.66465257,76.8097772,-25.26360658,102.7364847,1.294117647,-1
-1,32,19,2,22.79351032,0,3,1,0,0,1,17,0,11,12,15.22919708,93.25244819,-1.61821088,90.92995045,1.681818182,-14
-1,17,6,1,20.98786039,14,3,32,12,11,14,15.42633929,13,11,8,17.46575342,81.09006568,7.66233815,75.16937512,0.896551724,0
-1,28,14,0,22.26380368,3,2,14,2,11,4,15.95555556,14,16,17,15.57383178,89.27838589,-2.629682942,85.67632457,1.733333333,-2
-1,30,19,0,19.21688742,5,3,9,4,29,2,6,5,11,9,16.60714286,99.62904762,1.691666667,103.4909014,0.914285714,-1
-1,24,5,3,22.13485114,10,3,16,5,0,7,13.44642857,5,8,13,17.16777042,77.06243878,3.370817069,109.6804624,1.243243243,0
-1,19,11,0,20.58744395,12,7,32,3,13,7,9.122270742,4,5,6,17.6028169,94.10239238,8.571545328,51.36618925,0.413333333,0
-1,32,19,1,18.72886297,16,2,7,4,1,11,19.18832891,0,10,10,14.10946746,60.40614824,-28.18901649,109.3874252,1.368421053,-1
-1,32,24,0,20.54110899,3,2,5,4,20,3,13.85046729,0,13,13,15.80838323,77.46016948,2.692268158,97.92735487,1.178571429,-3
-1,31,14,0,20.97830803,0,3,11,2,1,1,11.04545455,11,16,14,16.43339254,94.78964189,-3.042565677,75.84414249,0.857142857,0
-1,27,10,0,22.35533981,5,2,13,3,8,3,15.24271845,13,17,17,15.59724951,94.00428437,-0.477375801,82.01264469,1.625,-2
-1,32,25,0,18.57420925,0,3,10,2,28,3,17.03738318,1,15,17,15.63621533,82.0633634,3.417628916,86.79588258,1,-1
-1,32,18,0,20.52048558,16,2,10,6,10,12,15.71099744,0,8,10,16.16164384,73.17114656,3.56334772,88.56839182,1.034482759,-1
-1,32,19,0,19.83505155,0,2,25,5,1,2,15.25,1,12,17,15.47495362,74.36912306,1.307550917,92.98777713,0.964285714,-2
-1,11,5,0,19.54664915,20,1,30,12,14,11,14.78249337,1,9,9,16.27756654,72.66830517,-0.454842487,85.77466784,0.405405405,0
-1,32,12,2,21.22807018,7,3,19,6,6,6,16.02955665,19,19,15,15.77092511,74.69314852,-7.830871936,59.81096082,1.885714286,-7
-1,32,16,4,18.47105263,22,3,18,14,3,9,16.31879195,17,7,7,12.76515152,58.10324839,1.614726814,70.91454316,1.71875,-2
-1,32,21,1,22.37359551,1,4,1,0,0,2,15.44303797,0,11,11,15.75149701,88.18827091,-0.752953673,91.59393488,1.390243902,-15
-1,17,4,0,19.9420904,14,2,16,8,30,7,10.53784861,16,13,10,18.58227848,53.64239505,3.498157347,70.29386316,1,-2
-1,32,1,0,26.07352941,5,1,0,0,0,4,13.08148148,0,14,25,15.24202128,92.46946971,5.304397493,109.6754683,1,0
-1,23,12,3,22.12956204,10,2,27,6,3,4,22.65131579,27,11,15,15.62394958,94.09513806,-27.90531212,54.36909028,0.587301587,-3
-1,6,1,0,18.22732627,25,3,32,22,2,24,19.14524422,15,7,10,4.137142857,81.07428571,-5.706285714,4.598334694,0.058510638,0
-1,30,6,4,22.72108844,2,3,18,5,1,5,15.13294798,0,14,17,14.86106346,58.32398224,8.1005593,89.31345822,2.269230769,-4
-1,32,5,0,23.08474576,2,2,7,2,10,7,18.41365462,7,18,16,14.98363339,69.6533064,-8.169307379,79.4105341,1.117647059,-2
-1,31,6,0,22.4638404,4,3,31,4,0,7,17.50869565,31,15,16,15.42536116,64.42373541,-7.858547029,99.0662589,0.914285714,-1
-1,22,6,1,21.61627907,10,3,32,4,29,5,15.23529412,9,17,17,15.21563981,71.74236877,0.910222142,106.756817,0.619047619,1
-1,32,17,0,20.24203822,0,3,3,1,1,12,19.98704663,1,14,24,13.38698011,64.64397712,-35.58822664,94.72547244,1.25,-2
-1,32,25,1,19.76174497,16,3,7,5,1,8,22.55514706,0,10,14,13.32009346,62.73479671,-27.85861756,102.3531477,1.090909091,-1
-1,18,10,0,17.99520384,16,2,25,8,9,4,11.61870504,9,5,8,15.4,105.2286981,-9.672631579,73.70315789,1.242424242,-1
-1,25,12,4,20.29662261,18,3,32,8,6,15,14.92813142,8,7,9,18.09037901,76.53821112,10.47222671,88.85772085,1.114285714,-2
-1,32,21,0,20.75100402,3,2,6,4,10,2,15.78571429,1,15,16,15.6539924,84.34090778,-1.83726814,102.0665905,1,-2
-1,28,6,4,23.70460048,4,2,11,2,0,4,14.57894737,0,15,13,15.87070376,70.14775488,2.416630728,91.47100752,2.344827586,-8
-1,32,25,0,19.94094488,0,2,4,3,9,10,21.00308642,0,14,18,13.23255814,61.14273106,-24.5246079,83.54281594,1.2,-2
-1,32,27,0,20.67154812,2,2,3,1,20,4,17.2721519,2,13,15,14.71428571,80.0429665,-2.73574045,87.40554683,1.411764706,-3
-1,28,7,1,23.5010989,8,2,27,9,4,3,9.954545455,0,15,15,13.01581722,71.57362993,18.60352235,65.15089217,1.052631579,0
-1,26,9,0,20.35725429,8,2,18,8,0,7,20.64257028,3,9,21,11.33681462,53.79596289,-3.636462175,95.29908855,1.588235294,0
-1,11,5,0,18.21183432,22,2,32,16,0,20,12.08923077,0,9,11,19.9273743,77.10882931,18.19590525,122.1679099,0.548387097,2
